Name,Date,Open,High,Low,Close,Adj Close,Volume
ABTX,02/12/16,16.48,17.27,16.309998999999998,17.200001,16.972509,24700
ABTX,02/16/16,17.799999,18.5,17.190001000000002,18.25,18.008623,22900
ABTX,02/17/16,18.26,18.26,17.32,18.059998999999998,17.821135,19000
ABTX,02/18/16,18.049999,18.174999,16.5,16.950001,16.725817000000003,52900
ABTX,02/19/16,16.84,17.77,16.59,17.370001000000002,17.140263,32800
ABTX,02/22/16,17.5,17.75,16.77,17.18,16.952773999999998,28000
ABTX,02/23/16,17.35,17.75,17.02,17.33,17.10079,28400
ABTX,02/24/16,17.32,17.690001000000002,17.09,17.42,17.189602,22800
ABTX,02/25/16,17.52,17.91,17.02,17.5,17.268542999999998,7600
ABTX,02/26/16,17.5,18.360001,17.26,17.610001,17.377087,17300
ABTX,02/29/16,17.52,17.870001000000002,17.26,17.26,17.031717,19200
ABTX,03/01/16,17.76,18.08,17.32,17.709999,17.475765,27600
ABTX,03/02/16,17.780001000000002,17.870001000000002,17.719998999999998,17.76,17.525103,8200
ABTX,03/03/16,17.59,17.92,17.5,17.65,17.416557,23100
ABTX,03/04/16,17.790001,18.02,17.58,17.74,17.505369,14800
ABTX,03/07/16,17.68,18.049999,17.639999,17.889999,17.653382999999998,21400
ABTX,03/08/16,17.92,17.98,17.4,17.76,17.525103,12400
ABTX,03/09/16,17.93,18.280001000000002,17.459999,18.200001,17.959286,17900
ABTX,03/10/16,18.459999,18.466998999999998,18.0,18.219998999999998,17.979019,12200
ABTX,03/11/16,18.190001000000002,18.299999,17.9,18.299999,18.057962,17600
ABTX,03/14/16,18.1,18.24,17.725,18.059998999999998,17.821135,8300
ABTX,03/15/16,18.129998999999998,18.129998999999998,17.629998999999998,17.91,17.673119,11800
ABTX,03/16/16,18.190001000000002,18.290001,17.610001,17.98,17.742193,28300
ABTX,03/17/16,17.85,18.18,17.74,18.17,17.929679999999998,9000
ABTX,03/18/16,18.07,18.43,17.870001000000002,18.43,18.186241,15900
ABTX,03/21/16,18.5,19.4,18.316999,19.15,18.896717000000002,29400
ABTX,03/22/16,19.02,19.02,18.549999,18.719998999999998,18.472407999999998,9000
ABTX,03/23/16,19.25,19.25,18.32,18.35,18.1073,6800
ABTX,03/24/16,18.209999,18.209999,17.780001000000002,18.09,17.850739,10300
ABTX,03/28/16,18.35,18.5,17.816999,17.82,17.584309,10600
ABTX,03/29/16,17.93,18.639999,17.790001,18.59,18.344124,14000
ABTX,03/30/16,18.5,18.610001,18.15,18.360001,18.117168,11000
ABTX,03/31/16,18.51,18.540001,18.200001,18.370001000000002,18.127036999999998,17700
ABTX,04/01/16,18.32,19.110001,18.26,19.02,18.768438,19900
ABTX,04/04/16,19.200001,19.348,18.700001,18.889999,18.640158,15200
ABTX,04/05/16,18.9,18.91,18.5,18.6,18.353992,4600
ABTX,04/06/16,18.43,19.1,18.43,19.1,18.847379999999998,12800
ABTX,04/07/16,19.15,19.52,18.683001,19.09,18.837511,18800
ABTX,04/08/16,19.23,19.450001,19.0,19.040001,18.788173999999998,8900
ABTX,04/11/16,19.049999,19.049999,18.620001000000002,18.85,18.600687,8600
ABTX,04/12/16,18.690001000000002,18.98,18.629998999999998,18.969998999999998,18.719099,5100
ABTX,04/13/16,19.0,19.51,18.51,19.5,19.24209,20400
ABTX,04/14/16,19.66,20.93,19.65,20.0,19.735476000000002,19900
ABTX,04/15/16,19.92,20.26,19.598,20.219998999999998,19.952568,9700
ABTX,04/18/16,20.059998999999998,20.299999,20.049999,20.190001000000002,19.922966,8700
ABTX,04/19/16,20.219998999999998,20.25,19.9,20.09,19.824286999999998,8600
ABTX,04/20/16,20.01,20.09,19.82,20.02,19.755211,7500
ABTX,04/21/16,19.99,20.34,17.99,20.16,19.893362,38600
ABTX,04/22/16,20.25,20.25,19.309998999999998,20.120001000000002,19.853891,8100
ABTX,04/25/16,20.219998999999998,20.25,19.4,20.02,19.755211,9800
ABTX,04/26/16,20.5,21.4,20.219998999999998,21.4,21.116959,35200
ABTX,04/27/16,21.389999,21.4,19.584999,21.379998999999998,21.097223,15400
ABTX,04/28/16,21.190001000000002,21.52,20.790001,21.26,20.978811,19000
ABTX,04/29/16,21.1,21.205,20.799999,21.049999,20.771587,21500
ABTX,05/02/16,21.299999,21.889999,20.99,21.73,21.442595999999998,253200
ABTX,05/03/16,21.440001000000002,21.886,21.370001000000002,21.620001000000002,21.334053,21200
ABTX,05/04/16,21.51,21.9,21.299999,21.790001,21.501801999999998,26600
ABTX,05/05/16,21.9,22.780001000000002,21.709999,22.209999,21.916245999999997,17000
ABTX,05/06/16,22.209999,22.219998999999998,21.780001000000002,22.15,21.857042,8900
ABTX,05/09/16,22.030001000000002,22.700001,21.6,22.690001000000002,22.389898000000002,19300
ABTX,05/10/16,22.700001,23.799999,22.110001,22.450001,22.153072,24300
ABTX,05/11/16,22.27,22.27,20.690001000000002,21.1,20.82093,20100
ABTX,05/12/16,21.370001000000002,22.049999,20.940001000000002,21.41,21.126827,24800
ABTX,05/13/16,21.610001,22.049999,21.0,21.860001,21.570875,28700
ABTX,05/16/16,21.209999,21.690001000000002,18.040001,21.4,21.116959,29900
ABTX,05/17/16,21.219998999999998,21.58,20.84,21.15,20.870266,20200
ABTX,05/18/16,21.27,22.18,21.27,22.129998999999998,21.837304999999997,42900
ABTX,05/19/16,22.0,23.35,22.0,23.26,22.952358,26300
ABTX,05/20/16,23.190001000000002,23.76,22.85,23.440001000000002,23.129978,13600
ABTX,05/23/16,23.450001,23.450001,22.99,23.24,22.932623,21500
ABTX,05/24/16,23.209999,23.780001000000002,22.9,23.68,23.366804000000002,43100
ABTX,05/25/16,23.379998999999998,23.99,22.07,23.950001,23.633232,32000
ABTX,05/26/16,23.200001,24.49,23.200001,23.969998999999998,23.652967,25200
ABTX,05/27/16,23.799999,24.450001,23.431998999999998,24.129998999999998,23.81085,35200
ABTX,05/31/16,24.139999,24.17,22.556,23.879998999999998,23.564157,20700
ABTX,06/01/16,24.0,24.35,23.690001000000002,24.33,24.008207000000002,24600
ABTX,06/02/16,24.455,24.99,24.304001,24.719998999999998,24.393047,87400
ABTX,06/03/16,24.74,24.74,24.049999,24.66,24.333841,30500
ABTX,06/06/16,24.57,25.219998999999998,24.368,25.08,24.748287,75900
ABTX,06/07/16,24.959999,25.1,24.1,24.77,24.442389000000002,51800
ABTX,06/08/16,24.969998999999998,25.1,24.85,24.92,24.590405,32600
ABTX,06/09/16,24.879998999999998,25.23,24.030001000000002,24.25,23.929266000000002,46300
ABTX,06/10/16,24.309998999999998,25.07,24.120001000000002,24.67,24.34371,46500
ABTX,06/13/16,24.450001,25.055,23.51,23.6,23.287863,59600
ABTX,06/14/16,23.73,23.780001000000002,22.639999,22.83,22.528048000000002,75900
ABTX,06/15/16,22.57,24.59,22.57,23.58,23.268129000000002,49300
ABTX,06/16/16,23.709999,25.4,23.57,24.870001000000002,24.541065,104500
ABTX,06/17/16,24.799999,25.1,24.040001,24.549999,24.225296,178700
ABTX,06/20/16,24.700001,25.49,24.469998999999998,25.1,24.768024,62200
ABTX,06/21/16,24.959999,25.02,23.950001,24.549999,24.225296,42500
ABTX,06/22/16,24.870001000000002,25.1,24.0,24.059998999999998,23.741777,44200
ABTX,06/23/16,24.32,25.360001,24.32,25.25,24.916039,61400
ABTX,06/24/16,25.0,25.25,23.68,24.450001,24.126619,866100
ABTX,06/27/16,24.200001,24.309,22.035,22.120001000000002,21.827438,92000
ABTX,06/28/16,22.5,23.83,22.1,23.48,23.169447,68300
ABTX,06/29/16,23.76,24.379998999999998,23.18,24.309998999999998,23.98847,32000
ABTX,06/30/16,24.459999,25.0,24.059998999999998,24.879998999999998,24.550932,68900
ABTX,07/01/16,24.33,24.690001000000002,23.360001,24.02,23.702309,35600
ABTX,07/05/16,23.280001000000002,23.68,23.15,23.49,23.179317,24700
ABTX,07/06/16,23.290001,24.15,23.219998999999998,23.91,23.593760999999997,15200
ABTX,07/07/16,23.9,24.93,23.549999,24.559998999999998,24.235167,28900
ABTX,07/08/16,24.85,25.35,24.85,25.129998999999998,24.797626,47100
ABTX,07/11/16,25.09,25.200001,24.809998999999998,25.0,24.669346,31700
ABTX,07/12/16,25.0,25.290001,24.52,25.08,24.748287,91000
ABTX,07/13/16,25.27,25.32,24.52,25.09,24.758157999999998,64100
ABTX,07/14/16,25.35,25.450001,24.99,25.040001,24.708818,47300
ABTX,07/15/16,25.32,25.32,24.545,24.82,24.491723999999998,58900
ABTX,07/18/16,25.01,25.5,24.940001000000002,25.440001000000002,25.103525,43400
ABTX,07/19/16,25.32,25.450001,25.110001,25.190001000000002,24.856834,20000
ABTX,07/20/16,25.389999,25.465,24.93,25.02,24.689083,19000
ABTX,07/21/16,24.700001,25.094998999999998,24.530001000000002,24.799999,24.471989,23700
ABTX,07/22/16,24.84,25.34,24.530001000000002,25.280001000000002,24.945642000000003,37900
ABTX,07/25/16,25.25,25.48,24.91,25.23,24.896303,35500
ABTX,07/26/16,24.34,24.950001,24.33,24.950001,24.620008,66400
ABTX,07/27/16,25.25,25.49,24.974001,25.43,25.093657,51300
ABTX,07/28/16,25.299999,26.309998999999998,24.725,25.809998999999998,25.468632,48200
ABTX,07/29/16,25.370001000000002,25.610001,24.93,25.26,24.925907000000002,39600
ABTX,08/01/16,25.389999,25.389999,24.35,24.719998999999998,24.393047,33300
ABTX,08/02/16,24.870001000000002,24.91,24.17,24.5,24.175960999999997,35200
ABTX,08/03/16,24.530001000000002,24.745001000000002,23.1,24.139999,23.820721,58100
ABTX,08/04/16,24.209999,25.0,23.690001000000002,24.700001,24.373314,32400
ABTX,08/05/16,25.0,25.889999,24.719998999999998,25.370001000000002,25.034451999999998,59000
ABTX,08/08/16,25.382,25.389999,25.24,25.389999,25.054185999999998,8000
ABTX,08/09/16,25.4,25.4,24.68,24.92,24.590405,28200
ABTX,08/10/16,25.065001000000002,25.065001000000002,24.271,24.790001,24.462122,17400
ABTX,08/11/16,24.85,25.379998999999998,24.58,25.34,25.004848000000003,18400
ABTX,08/12/16,25.200001,25.370001000000002,25.1,25.309998999999998,24.975245,16500
ABTX,08/15/16,25.209999,25.879998999999998,25.129998999999998,25.690001000000002,25.350222,52400
ABTX,08/16/16,25.5,26.395,25.5,26.16,25.814001,34900
ABTX,08/17/16,25.92,26.25,25.92,26.17,25.823872,18500
ABTX,08/18/16,25.91,26.25,25.905001000000002,26.040001,25.695591,15900
ABTX,08/19/16,26.110001,26.25,25.73,26.0,25.65612,20000
ABTX,08/22/16,25.92,26.25,25.76,26.059998999999998,25.715324,13600
ABTX,08/23/16,26.040001,26.24,26.040001,26.059998999999998,25.715324,9400
ABTX,08/24/16,26.0,26.17,25.85,26.07,25.725193,13000
ABTX,08/25/16,25.969998999999998,26.200001,25.969998999999998,26.18,25.833738,9600
ABTX,08/26/16,25.969998999999998,26.459999,25.92,26.280001000000002,25.932417,31300
ABTX,08/29/16,26.0,26.299999,25.981001000000003,26.290001,25.942286,21700
ABTX,08/30/16,26.0,26.33,25.250999,26.17,25.823872,22400
ABTX,08/31/16,26.0,26.450001,26.0,26.25,25.902813000000002,17800
ABTX,09/01/16,26.360001,26.360001,25.82,26.190001000000002,25.843605,16300
ABTX,09/02/16,26.309998999999998,26.459999,26.1,26.25,25.902813000000002,12600
ABTX,09/06/16,26.25,27.73,25.84,27.49,27.126410999999997,107200
ABTX,09/07/16,27.33,27.879998999999998,27.200001,27.49,27.126410999999997,50700
ABTX,09/08/16,27.49,27.790001,27.219998999999998,27.75,27.382975,53500
ABTX,09/09/16,27.450001,27.969998999999998,27.25,27.440001000000002,27.077074,56000
ABTX,09/12/16,27.35,28.0,27.35,27.9,27.530990999999997,40800
ABTX,09/13/16,27.66,27.879998999999998,27.35,27.67,27.304031,44000
ABTX,09/14/16,27.74,27.924999,27.700001,27.809998999999998,27.442179,30600
ABTX,09/15/16,27.85,28.0,27.684998999999998,28.0,27.629666999999998,23500
ABTX,09/16/16,28.0,28.0,27.75,27.9,27.530990999999997,271500
ABTX,09/19/16,27.92,28.459999,27.809998999999998,28.18,27.807284999999997,32000
ABTX,09/20/16,28.35,28.975,27.799999,28.450001,28.073717,24500
ABTX,09/21/16,28.02,28.200001,26.18,26.76,26.406066999999997,67500
ABTX,09/22/16,26.42,26.67,26.02,26.33,25.981754000000002,39000
ABTX,09/23/16,26.15,26.540001,26.1,26.17,25.823872,21100
ABTX,09/26/16,26.110001,26.26,26.0,26.049999,25.705458,37500
ABTX,09/27/16,26.17,26.67,26.1,26.66,26.30739,36100
ABTX,09/28/16,26.6,26.780001000000002,26.6,26.68,26.327126,13800
ABTX,09/29/16,26.77,27.200001,26.129998999999998,26.209999,25.863342000000003,35000
ABTX,09/30/16,26.200001,27.4,26.18,27.0,26.642895000000003,41100
ABTX,10/03/16,27.42,27.42,26.5,26.82,26.465273,23100
ABTX,10/04/16,26.495001000000002,27.459999,26.395,27.16,26.800777000000004,19800
ABTX,10/05/16,26.950001,27.799999,26.950001,27.68,27.3139,15500
ABTX,10/06/16,27.5,27.5,27.15,27.23,26.86985,50400
ABTX,10/07/16,27.360001,27.57,27.15,27.26,26.899454,12500
ABTX,10/10/16,27.5,28.0,27.450001,27.99,27.619801000000002,24800
ABTX,10/11/16,27.75,27.988001,27.639999,27.67,27.304031,12700
ABTX,10/12/16,27.700001,27.98,27.66,27.73,27.363236999999998,13200
ABTX,10/13/16,27.549999,27.559998999999998,26.99,27.09,26.731704999999998,11400
ABTX,10/14/16,27.440001000000002,27.440001000000002,26.67,26.809998999999998,26.455403999999998,15800
ABTX,10/17/16,27.1,28.0,27.049999,27.799999,27.432312,17100
ABTX,10/18/16,28.0,28.0,27.5,27.65,27.284296,10300
ABTX,10/19/16,27.75,27.75,27.4,27.549999,27.185616999999997,14000
ABTX,10/20/16,27.549999,27.549999,27.25,27.25,26.889584999999997,15200
ABTX,10/21/16,26.950001,27.65,26.950001,27.5,27.13628,13400
ABTX,10/24/16,27.700001,28.0,27.549999,28.0,27.629666999999998,12200
ABTX,10/25/16,28.0,28.0,27.35,27.35,26.988262,11100
ABTX,10/26/16,27.5,27.5,26.4,26.4,26.050829,18600
ABTX,10/27/16,26.75,26.9,26.155001000000002,26.35,26.001492000000002,12500
ABTX,10/28/16,26.299999,26.35,26.049999,26.200001,25.853474,6300
ABTX,10/31/16,26.200001,26.549999,26.15,26.35,26.001492000000002,19800
ABTX,11/01/16,26.775,26.775,25.700001,25.85,25.508101999999997,9600
ABTX,11/02/16,25.950001,26.0,25.155001000000002,25.4,25.064054000000002,10000
ABTX,11/03/16,25.65,26.299999,25.65,26.049999,25.705458,12600
ABTX,11/04/16,26.049999,26.25,25.85,26.15,25.804134,14800
ABTX,11/07/16,26.549999,27.25,26.200001,26.85,26.494877000000002,38200
ABTX,11/08/16,26.85,26.85,26.549999,26.799999,26.445538,10600
ABTX,11/09/16,26.9,27.5,26.525,27.299999,26.938925,35800
ABTX,11/10/16,27.5,28.299999,25.6,28.299999,27.925696999999996,50400
ABTX,11/11/16,28.200001,30.799999,27.75,30.6,30.19528,73100
ABTX,11/14/16,31.15,33.75,30.0,30.65,30.244616999999998,62400
ABTX,11/15/16,30.65,31.35,30.4,30.950001,30.540649,11200
ABTX,11/16/16,30.85,31.85,30.1,31.25,30.836681,42400
ABTX,11/17/16,31.450001,31.450001,30.700001,30.85,30.441972999999997,32800
ABTX,11/18/16,30.950001,30.950001,30.25,30.9,30.491312,30900
ABTX,11/21/16,30.9,30.9,30.299999,30.75,30.343294,19000
ABTX,11/22/16,30.75,31.0,30.5,30.799999,30.392633,59300
ABTX,11/23/16,30.9,31.1,30.75,30.9,30.491312,34000
ABTX,11/25/16,31.049999,31.200001,30.75,31.15,30.738004999999998,8200
ABTX,11/28/16,30.799999,31.25,30.6,30.799999,30.392633,22800
ABTX,11/29/16,30.9,31.1,30.65,30.799999,30.392633,20100
ABTX,11/30/16,31.0,31.299999,30.450001,30.6,30.19528,16100
ABTX,12/01/16,30.950001,31.200001,30.5,30.799999,30.392633,14000
ABTX,12/02/16,30.65,30.799999,30.205,30.549999,30.145940999999997,11500
ABTX,12/05/16,30.85,31.0,30.700001,30.85,30.441972999999997,33700
ABTX,12/06/16,30.700001,30.950001,30.674999,30.85,30.441972999999997,47900
ABTX,12/07/16,30.700001,31.0,30.6,30.799999,30.392633,44800
ABTX,12/08/16,30.85,32.349998,30.549999,32.049999,31.626101000000002,91000
ABTX,12/09/16,31.950001,34.099998,31.950001,33.950001,33.500972999999995,48000
ABTX,12/12/16,34.049999,34.049999,32.75,32.950001,32.514198,35400
ABTX,12/13/16,33.299999,35.25,33.275002,33.950001,33.500972999999995,90200
ABTX,12/14/16,33.75,35.400002,33.200001,34.0,33.550312,76500
ABTX,12/15/16,34.25,34.75,33.349998,33.549999,33.106266,71500
ABTX,12/16/16,33.700001,35.400002,33.5,35.299999,34.833115,118900
ABTX,12/19/16,35.200001,35.5,34.599998,35.150002,34.685103999999995,29000
ABTX,12/20/16,35.5,37.0,35.25,36.549999,36.066586,40200
ABTX,12/21/16,36.5,36.91,35.700001,36.299999,35.819885,42400
ABTX,12/22/16,36.0,36.799999,34.849998,36.150002,35.671875,47800
ABTX,12/23/16,36.25,36.349998,35.549999,36.200001,35.721214,21100
ABTX,12/27/16,36.0,36.700001,35.849998,36.099998,35.622536,15900
ABTX,12/28/16,35.900002,36.200001,35.875,36.150002,35.671875,13400
ABTX,12/29/16,36.0,36.150002,35.849998,36.150002,35.671875,20300
ABTX,12/30/16,36.400002,36.5,35.650002,36.150002,35.671875,33800
ABTX,01/03/17,36.150002,36.400002,35.450001,35.849998,35.375839,29200
ABTX,01/04/17,35.650002,36.799999,35.549999,35.900002,35.425182,52100
ABTX,01/05/17,35.900002,36.125,34.650002,34.700001,34.241054999999996,36600
ABTX,01/06/17,35.0,35.400002,34.349998,35.25,34.783775,62500
ABTX,01/09/17,34.849998,35.125,34.049999,35.049999,34.586422,42600
ABTX,01/10/17,34.950001,35.595001,34.299999,34.950001,34.487747,44800
ABTX,01/11/17,34.799999,35.174999,34.599998,35.099998,34.635757,24200
ABTX,01/12/17,34.849998,34.849998,34.049999,34.299999,33.846340000000005,15400
ABTX,01/13/17,34.450001,35.025002,34.349998,34.549999,34.093037,20900
ABTX,01/17/17,34.0,34.049999,33.165001000000004,33.349998,32.908905,27300
ABTX,01/18/17,33.650002,33.900002,32.808997999999995,33.650002,33.204941,25100
ABTX,01/19/17,33.450001,33.900002,32.950001,33.200001,32.760887,14700
ABTX,01/20/17,33.150002,34.200001,33.150002,33.650002,33.204941,21900
ABTX,01/23/17,33.75,33.75,33.0,33.400002,32.958248,9100
ABTX,01/24/17,33.700001,34.450001,33.5,34.25,33.797005,29500
ABTX,01/25/17,34.25,35.549999,33.75,33.849998,33.402294,34400
ABTX,01/26/17,33.700001,34.099998,33.424999,33.849998,33.402294,29000
ABTX,01/27/17,33.599998,34.099998,33.400002,34.0,33.550312,17300
ABTX,01/30/17,33.400002,34.049999,32.900002,33.75,33.303619,68100
ABTX,01/31/17,33.599998,33.650002,32.049999,32.450001,32.020809,64200
ABTX,02/01/17,32.75,33.150002,31.65,32.0,31.576763,35000
ABTX,02/02/17,32.0,32.049999,31.200001,31.4,30.984696999999997,26900
ABTX,02/03/17,31.75,32.400002,31.5,32.200001,31.774116999999997,35400
ABTX,02/06/17,32.049999,33.400002,31.799999,33.099998,32.662212,62500
ABTX,02/07/17,33.41,33.41,32.950001,33.150002,32.711552000000005,32000
ABTX,02/08/17,33.150002,33.150002,32.450001,32.900002,32.464859000000004,41900
ABTX,02/09/17,32.799999,33.599998,32.75,33.0,32.563534000000004,22500
ABTX,02/10/17,33.25,33.5,32.900002,33.349998,32.908905,33700
ABTX,02/13/17,33.599998,33.950001,33.070999,33.900002,33.451633,30900
ABTX,02/14/17,33.75,34.0,33.549999,33.950001,33.500972999999995,10000
ABTX,02/15/17,33.900002,35.049999,33.849998,35.0,34.537085999999995,52400
ABTX,02/16/17,34.900002,35.650002,34.700001,35.400002,34.931796999999996,33400
ABTX,02/17/17,35.5,36.549999,35.5,36.099998,35.622536,56200
ABTX,02/21/17,36.349998,36.349998,35.5,36.0,35.523853,33000
ABTX,02/22/17,36.0,36.599998,36.0,36.549999,36.066586,31600
ABTX,02/23/17,36.674,37.0,36.5,36.900002,36.411957,27700
ABTX,02/24/17,36.75,36.900002,36.5,36.650002,36.165264,25300
ABTX,02/27/17,36.650002,36.950001,35.349998,36.799999,36.313278000000004,59200
ABTX,02/28/17,36.700001,37.099998,36.625,36.900002,36.411957,44400
ABTX,03/01/17,37.5,39.409,37.5,38.400002,37.892117,72900
ABTX,03/02/17,38.650002,38.650002,37.900002,38.0,37.497406,44300
ABTX,03/03/17,37.950001,38.0,36.700001,37.5,37.004025,35500
ABTX,03/06/17,37.200001,37.299999,36.700001,37.0,36.510628000000004,10800
ABTX,03/07/17,37.450001,37.450001,36.799999,37.0,36.510628000000004,14700
ABTX,03/08/17,37.099998,37.299999,36.5,36.950001,36.461292,54900
ABTX,03/09/17,36.849998,37.200001,36.5,36.700001,36.2146,26000
ABTX,03/10/17,36.650002,36.900002,36.349998,36.549999,36.066586,29800
ABTX,03/13/17,36.549999,37.006001,36.549999,36.549999,36.066586,19500
ABTX,03/14/17,36.450001,36.700001,36.25,36.599998,36.115925,16600
ABTX,03/15/17,36.75,37.049999,36.150002,36.549999,36.066586,44700
ABTX,03/16/17,36.900002,37.049999,36.549999,36.700001,36.2146,15600
ABTX,03/17/17,36.599998,37.549999,36.349998,37.299999,36.80666,83900
ABTX,03/20/17,37.299999,37.549999,36.865002000000004,37.200001,36.707985,21100
ABTX,03/21/17,37.5,37.5,35.650002,35.799999,35.3265,65300
ABTX,03/22/17,35.599998,35.599998,34.5,34.599998,34.142371999999995,24600
ABTX,03/23/17,34.599998,35.400002,34.575001,35.099998,34.635757,20000
ABTX,03/24/17,35.299999,35.5,34.950001,35.049999,34.586422,11400
ABTX,03/27/17,34.400002,35.5,34.150002,35.400002,34.931796999999996,15600
ABTX,03/28/17,34.950001,36.200001,34.950001,36.0,35.523853,21400
ABTX,03/29/17,36.150002,36.299999,35.599998,35.700001,35.227825,11500
ABTX,03/30/17,35.700001,37.200001,35.700001,36.900002,36.411957,32800
ABTX,03/31/17,36.599998,37.589001,36.599998,37.200001,36.707985,28300
ABTX,04/03/17,37.200001,38.0,36.900002,37.5,37.004025,111700
ABTX,04/04/17,37.299999,38.400002,37.200001,38.349998,37.842773,52600
ABTX,04/05/17,38.224998,38.918999,37.400002,38.0,37.497406,54300
ABTX,04/06/17,37.900002,38.200001,37.700001,38.150002,37.64542,30400
ABTX,04/07/17,37.900002,38.299999,37.299999,38.099998,37.596081,11800
ABTX,04/10/17,37.75,38.150002,36.5,38.0,37.497406,90700
ABTX,04/11/17,37.549999,38.5,37.549999,38.25,37.744099,14200
ABTX,04/12/17,38.25,38.25,36.75,37.0,36.510628000000004,35500
ABTX,04/13/17,36.950001,37.549999,36.450001,36.450001,35.967907000000004,27800
ABTX,04/17/17,36.150002,37.099998,36.150002,36.799999,36.313278000000004,71700
ABTX,04/18/17,36.700001,37.150002,36.200001,36.950001,36.461292,29300
ABTX,04/19/17,37.150002,37.400002,36.75,36.849998,36.362614,21300
ABTX,04/20/17,36.950001,37.700001,36.599998,37.450001,36.954681,24300
ABTX,04/21/17,37.450001,37.849998,36.900002,37.349998,36.856003,21300
ABTX,04/24/17,37.549999,38.0,37.0,37.150002,36.658646000000005,30400
ABTX,04/25/17,37.950001,39.25,37.025002,38.700001,38.188148,111300
ABTX,04/26/17,38.700001,39.200001,38.349998,38.849998,38.336163,133700
ABTX,04/27/17,39.150002,40.0,39.150002,39.650002,39.125584,78500
ABTX,04/28/17,39.599998,40.0,38.900002,39.049999,38.533516,59400
ABTX,05/01/17,39.400002,39.849998,38.849998,39.299999,38.780212,38100
ABTX,05/02/17,39.450001,39.450001,38.799999,39.150002,38.632197999999995,31200
ABTX,05/03/17,38.799999,39.325001,38.75,39.150002,38.632197999999995,42000
ABTX,05/04/17,39.25,39.700001,39.055,39.400002,38.878895,32200
ABTX,05/05/17,39.349998,39.5,38.950001,39.400002,38.878895,23800
ABTX,05/08/17,39.150002,39.650002,39.0,39.450001,38.92823,22800
ABTX,05/09/17,39.299999,39.700001,38.900002,39.150002,38.632197999999995,31600
ABTX,05/10/17,39.049999,39.150002,38.849998,39.0,38.48418,18600
ABTX,05/11/17,39.0,39.25,38.650002,38.799999,38.286823,28200
ABTX,05/12/17,38.5,39.099998,38.325001,38.950001,38.434841,39900
ABTX,05/15/17,39.200001,39.200001,38.849998,39.049999,38.533516,18400
ABTX,05/16/17,38.900002,39.099998,38.75,39.099998,38.582851,25000
ABTX,05/17/17,38.5,38.599998,36.049999,37.849998,37.349388,46300
ABTX,05/18/17,38.0,38.450001,37.799999,38.099998,37.596081,41100
ABTX,05/19/17,38.0,38.200001,37.849998,38.150002,37.64542,31000
ABTX,05/22/17,38.299999,38.299999,37.400002,37.700001,37.201374,76800
ABTX,05/23/17,37.75,38.200001,37.599998,38.125,37.62075,16100
ABTX,05/24/17,38.0,38.549999,37.650002,38.150002,37.64542,18400
ABTX,05/25/17,38.450001,38.450001,37.799999,38.049999,37.546741,14800
ABTX,05/26/17,38.049999,38.25,38.0,38.200001,37.694759000000005,11200
ABTX,05/30/17,38.200001,38.450001,37.799999,38.25,37.744099,23200
ABTX,05/31/17,38.25,38.75,37.150002,38.75,38.237484,96300
ABTX,06/01/17,38.700001,38.764,38.0,38.650002,38.138809,35200
ABTX,06/02/17,38.650002,38.900002,38.400002,38.549999,38.040131,54800
ABTX,06/05/17,38.349998,38.75,38.349998,38.400002,37.892117,14800
ABTX,06/06/17,38.200001,38.849998,37.25,38.450001,37.941456,23100
ABTX,06/07/17,38.900002,38.900002,38.299999,38.450001,37.941456,21400
ABTX,06/08/17,38.25,39.400002,38.200001,39.0,38.48418,50600
ABTX,06/09/17,39.400002,40.0,39.25,39.849998,39.322936999999996,46800
ABTX,06/12/17,39.700001,40.450001,38.950001,39.950001,39.421611999999996,77000
ABTX,06/13/17,39.900002,40.25,39.650002,39.799999,39.273594,18400
ABTX,06/14/17,39.599998,39.75,38.900002,39.650002,39.125584,22000
ABTX,06/15/17,39.299999,39.799999,39.25,39.599998,39.076244,11000
ABTX,06/16/17,39.200001,39.700001,39.049999,39.299999,38.780212,39000
ABTX,06/19/17,39.5,39.900002,39.099998,39.299999,38.780212,16400
ABTX,06/20/17,39.400002,39.450001,38.599998,39.150002,38.632197999999995,19600
ABTX,06/21/17,39.150002,39.400002,37.599998,37.650002,37.152039,19900
ABTX,06/22/17,37.75,37.849998,37.400002,37.75,37.250713,11100
ABTX,06/23/17,37.799999,37.799999,37.0,37.299999,36.80666,254700
ABTX,06/26/17,37.299999,37.900002,37.049999,37.75,37.250713,14700
ABTX,06/27/17,37.799999,37.849998,37.0,37.25,36.757324,12700
ABTX,06/28/17,37.5,38.950001,37.5,38.25,37.744099,14600
ABTX,06/29/17,38.549999,38.900002,38.400002,38.5,37.990790999999994,20500
ABTX,06/30/17,38.799999,38.950001,37.900002,38.299999,37.793434000000005,16300
ABTX,07/03/17,38.25,39.400002,38.25,39.200001,38.681534,18400
ABTX,07/05/17,39.099998,39.599998,38.849998,39.549999,39.026905,11600
ABTX,07/06/17,39.299999,39.299999,38.400002,38.5,37.990790999999994,11500
ABTX,07/07/17,38.700001,38.900002,38.299999,38.900002,38.385506,13300
ABTX,07/10/17,38.549999,39.900002,38.049999,39.5,38.977565999999996,33000
ABTX,07/11/17,38.799999,39.599998,38.349998,38.400002,37.892117,15400
ABTX,07/12/17,38.849998,39.450001,38.75,39.299999,38.780212,10100
ABTX,07/13/17,39.099998,39.400002,39.099998,39.200001,38.681534,7800
ABTX,07/14/17,39.099998,39.5,38.900002,39.25,38.730872999999995,15700
ABTX,07/17/17,39.0,39.450001,38.900002,39.099998,38.582851,10800
ABTX,07/18/17,38.849998,39.799999,38.849998,39.299999,38.780212,16600
ABTX,07/19/17,39.549999,39.700001,39.25,39.400002,38.878895,7300
ABTX,07/20/17,39.599998,39.599998,39.200001,39.400002,38.878895,4900
ABTX,07/21/17,39.799999,39.799999,38.900002,39.0,38.48418,17300
ABTX,07/24/17,39.0,39.25,38.599998,39.150002,38.632197999999995,15700
ABTX,07/25/17,38.599998,39.450001,38.299999,38.400002,37.892117,35700
ABTX,07/26/17,38.599998,38.700001,38.299999,38.450001,37.941456,20600
ABTX,07/27/17,38.25,38.950001,37.849998,38.0,37.497406,47200
ABTX,07/28/17,38.049999,38.5,37.299999,37.450001,36.954681,15800
ABTX,07/31/17,37.900002,38.0,37.349998,37.549999,37.05336,12400
ABTX,08/01/17,37.549999,38.099998,37.400002,38.0,37.497406,11800
ABTX,08/02/17,38.25,38.25,37.650002,37.75,37.250713,10000
ABTX,08/03/17,37.599998,37.700001,36.950001,37.0,36.510628000000004,9800
ABTX,08/04/17,37.099998,37.375,36.799999,37.049999,36.559971000000004,10700
ABTX,08/07/17,36.849998,37.775002,36.849998,37.150002,36.658646000000005,16500
ABTX,08/08/17,37.150002,37.200001,36.849998,36.950001,36.461292,40700
ABTX,08/09/17,36.799999,36.950001,36.299999,36.650002,36.165264,36100
ABTX,08/10/17,36.349998,36.825001,35.549999,36.099998,35.622536,73500
ABTX,08/11/17,36.5,36.5,35.549999,36.0,35.523853,48200
ABTX,08/14/17,36.25,37.400002,35.950001,37.200001,36.707985,26000
ABTX,08/15/17,37.400002,37.450001,36.950001,37.099998,36.609306,16800
ABTX,08/16/17,37.349998,37.349998,36.0,36.099998,35.622536,16800
ABTX,08/17/17,35.849998,36.0,35.5,35.549999,35.079807,20800
ABTX,08/18/17,35.5,35.75,35.400002,35.5,35.030471999999996,20300
ABTX,08/21/17,35.5,35.650002,35.349998,35.450001,34.981136,11800
ABTX,08/22/17,35.5,35.599998,35.299999,35.5,35.030471999999996,20700
ABTX,08/23/17,35.299999,36.049999,35.299999,35.349998,34.88245,10900
ABTX,08/24/17,35.400002,35.700001,35.25,35.599998,35.129146999999996,27600
ABTX,08/25/17,35.599998,36.099998,35.450001,35.900002,35.425182,11500
ABTX,08/28/17,35.299999,35.299999,33.950001,34.0,33.550312,112700
ABTX,08/29/17,33.75,33.799999,33.200001,33.200001,32.760887,36300
ABTX,08/30/17,33.25,34.299999,33.099998,34.150002,33.698326,46900
ABTX,08/31/17,34.400002,34.400002,33.900002,34.049999,33.599647999999995,73200
ABTX,09/01/17,34.775002,35.049999,34.0,34.5,34.043696999999995,49300
ABTX,09/05/17,34.0,34.075001,33.200001,33.299999,32.859566,79300
ABTX,09/06/17,33.25,33.5,33.0,33.049999,32.612873,72700
ABTX,09/07/17,33.0,33.150002,32.599998,32.650002,32.21817,39600
ABTX,09/08/17,32.505001,32.549999,31.75,31.85,31.428749,62800
ABTX,09/11/17,32.25,33.700001,32.099998,33.549999,33.106266,93600
ABTX,09/12/17,34.049999,34.25,33.599998,33.650002,33.204941,15900
ABTX,09/13/17,32.900002,34.5,32.900002,34.450001,33.994362,23400
ABTX,09/14/17,34.0,34.349998,33.325001,34.099998,33.648987,15000
ABTX,09/15/17,34.200001,34.450001,34.0,34.299999,33.846340000000005,106300
ABTX,09/18/17,34.200001,35.450001,34.0,34.849998,34.389069,36000
ABTX,09/19/17,34.650002,35.450001,34.650002,35.299999,34.833115,28000
ABTX,09/20/17,35.099998,37.049999,34.5,36.25,35.77055,25100
ABTX,09/21/17,36.049999,36.450001,35.599998,35.900002,35.425182,28400
ABTX,09/22/17,35.799999,36.5,35.5,36.0,35.523853,12700
ABTX,09/25/17,35.75,36.400002,35.099998,36.150002,35.671875,25300
ABTX,09/26/17,36.099998,36.25,35.75,36.099998,35.622536,17100
ABTX,09/27/17,36.549999,37.349998,35.950001,37.150002,36.658646000000005,35400
ABTX,09/28/17,36.805,37.25,36.5,36.900002,36.411957,25000
ABTX,09/29/17,37.0,37.325001,36.799999,36.799999,36.313278000000004,28500
ABTX,10/02/17,36.950001,37.25,36.400002,37.25,36.757324,18100
ABTX,10/03/17,37.400002,37.849998,37.150002,37.700001,37.201374,27100
ABTX,10/04/17,37.450001,38.25,37.0,37.400002,36.905342,20600
ABTX,10/05/17,37.400002,38.049999,37.0,37.799999,37.300053000000005,14900
ABTX,10/06/17,37.849998,38.0,37.299999,37.549999,37.05336,8600
ABTX,10/09/17,37.349998,37.950001,37.349998,37.849998,37.349388,7800
ABTX,10/10/17,38.049999,38.457001,34.900002,38.349998,37.842773,16900
ABTX,10/11/17,38.299999,38.900002,38.049999,38.549999,38.040131,58600
ABTX,10/12/17,38.599998,38.849998,38.400002,38.549999,38.040131,30000
ABTX,10/13/17,38.549999,39.049999,38.049999,38.400002,37.892117,20600
ABTX,10/16/17,38.650002,38.900002,38.349998,38.5,37.990790999999994,13800
ABTX,10/17/17,38.400002,38.900002,38.349998,38.549999,38.040131,24100
ABTX,10/18/17,38.450001,39.0,38.375,38.75,38.237484,25900
ABTX,10/19/17,38.450001,39.25,38.400002,38.900002,38.385506,15900
ABTX,10/20/17,39.25,39.349998,38.450001,39.0,38.48418,33500
ABTX,10/23/17,38.75,38.900002,38.450001,38.650002,38.138809,27100
ABTX,10/24/17,38.400002,39.25,38.349998,39.0,38.48418,68900
ABTX,10/25/17,38.700001,39.349998,38.700001,39.049999,38.533516,56400
ABTX,10/26/17,39.049999,39.349998,38.849998,39.0,38.48418,65400
ABTX,10/27/17,38.974998,39.25,38.849998,39.150002,38.632197999999995,71400
ABTX,10/30/17,38.75,39.25,38.150002,38.849998,38.336163,44900
ABTX,10/31/17,38.849998,39.25,38.799999,39.200001,38.681534,89500
ABTX,11/01/17,39.700001,39.700001,38.049999,38.299999,37.793434000000005,38400
ABTX,11/02/17,38.5,38.950001,38.299999,38.900002,38.385506,28900
ABTX,11/03/17,39.0,39.0,38.25,38.650002,38.138809,14200
ABTX,11/06/17,38.5,38.650002,38.099998,38.299999,37.793434000000005,15800
ABTX,11/07/17,37.950001,38.099998,36.349998,37.200001,36.707985,37100
ABTX,11/08/17,37.0,38.200001,36.549999,37.200001,36.707985,30900
ABTX,11/09/17,36.75,37.75,36.099998,36.849998,36.362614,32500
ABTX,11/10/17,36.799999,38.049999,36.799999,37.25,36.757324,23700
ABTX,11/13/17,38.200001,38.200001,37.25,37.650002,37.152039,14700
ABTX,11/14/17,37.299999,38.099998,36.900002,37.900002,37.398727,16400
ABTX,11/15/17,37.849998,38.549999,37.474998,38.0,37.497406,17800
ABTX,11/16/17,37.700001,39.075001,37.700001,38.799999,38.286823,39000
ABTX,11/17/17,38.5,39.200001,38.375,39.099998,38.582851,30600
ABTX,11/20/17,38.700001,39.450001,38.700001,39.400002,38.878895,22300
ABTX,11/21/17,39.5,39.650002,38.950001,39.049999,38.533516,46400
ABTX,11/22/17,38.5,39.5,38.299999,38.5,37.990790999999994,24400
ABTX,11/24/17,38.200001,38.349998,37.650002,38.349998,37.842773,8800
ABTX,11/27/17,38.349998,39.049999,38.349998,38.450001,37.941456,22700
ABTX,11/28/17,38.599998,39.650002,38.150002,39.549999,39.026905,17100
ABTX,11/29/17,39.799999,40.525002,39.200001,40.299999,39.766991,47200
ABTX,11/30/17,40.5,40.5,39.450001,39.849998,39.322936999999996,32000
ABTX,12/01/17,39.849998,40.049999,38.5,39.700001,39.174923,18500
ABTX,12/04/17,40.049999,40.450001,38.75,39.799999,39.273594,31000
ABTX,12/05/17,39.849998,40.0,39.099998,39.099998,38.582851,11700
ABTX,12/06/17,38.900002,39.349998,38.5,38.599998,38.089465999999994,11900
ABTX,12/07/17,38.150002,38.799999,38.049999,38.299999,37.793434000000005,32100
ABTX,12/08/17,37.849998,38.200001,37.299999,37.5,37.004025,24300
ABTX,12/11/17,37.299999,38.0,37.0,37.450001,36.954681,25100
ABTX,12/12/17,37.599998,38.400002,37.400002,37.950001,37.448071,56500
ABTX,12/13/17,39.299999,39.299999,37.924999,38.150002,37.64542,57300
ABTX,12/14/17,38.400002,38.400002,37.700001,37.950001,37.448071,39300
ABTX,12/15/17,37.950001,39.950001,37.950001,39.450001,38.92823,72100
ABTX,12/18/17,39.700001,40.0,38.950001,40.0,39.470951,15000
ABTX,12/19/17,40.0,40.5,39.650002,39.849998,39.322936999999996,50600
ABTX,12/20/17,40.049999,40.25,39.5,39.900002,39.372276,61200
ABTX,12/21/17,39.950001,40.099998,39.700001,40.049999,39.52029,25200
ABTX,12/22/17,39.950001,40.099998,39.099998,39.25,38.730872999999995,17000
ABTX,12/26/17,39.150002,39.700001,38.700001,38.799999,38.286823,100100
ABTX,12/27/17,38.5,39.349998,38.049999,38.450001,37.941456,29000
ABTX,12/28/17,38.549999,39.049999,37.805,38.599998,38.089465999999994,24300
ABTX,12/29/17,38.400002,38.599998,37.650002,37.650002,37.152039,23800
ABTX,01/02/18,37.799999,38.849998,37.549999,37.650002,37.152039,16100
ABTX,01/03/18,37.599998,38.150002,37.075001,37.650002,37.152039,16700
ABTX,01/04/18,37.849998,38.349998,37.75,37.950001,37.448071,15200
ABTX,01/05/18,38.0,38.549999,37.599998,38.150002,37.64542,28900
ABTX,01/08/18,37.950001,38.599998,37.75,38.25,37.744099,14900
ABTX,01/09/18,38.200001,38.950001,38.200001,38.450001,37.941456,19300
ABTX,01/10/18,38.549999,39.25,38.549999,38.849998,38.336163,14900
ABTX,01/11/18,38.900002,39.450001,38.599998,39.299999,38.780212,21000
ABTX,01/12/18,38.799999,39.549999,38.75,39.400002,38.878895,17800
ABTX,01/16/18,39.599998,39.900002,38.450001,38.549999,38.040131,30200
ABTX,01/17/18,38.75,39.900002,38.349998,39.549999,39.026905,18900
ABTX,01/18/18,39.299999,39.849998,39.299999,39.599998,39.076244,9800
ABTX,01/19/18,39.599998,40.0,38.450001,39.400002,38.878895,37700
ABTX,01/22/18,39.349998,39.349998,38.950001,39.25,38.730872999999995,21300
ABTX,01/23/18,39.099998,39.400002,38.924999,39.150002,38.632197999999995,15400
ABTX,01/24/18,39.099998,39.950001,38.849998,39.200001,38.681534,15900
ABTX,01/25/18,36.5,39.950001,36.5,39.799999,39.273594,19100
ABTX,01/26/18,39.650002,40.0,39.299999,39.650002,39.125584,16600
ABTX,01/29/18,39.5,41.450001,39.5,41.049999,40.507065000000004,56600
ABTX,01/30/18,40.400002,41.200001,40.349998,40.650002,40.112358,49100
ABTX,01/31/18,40.650002,41.0,40.0,40.400002,39.865665,55100
ABTX,02/01/18,40.349998,40.525002,39.75,40.150002,39.618969,30700
ABTX,02/02/18,39.849998,40.849998,39.549999,39.650002,39.125584,93200
ABTX,02/05/18,39.25,39.900002,39.0,39.25,38.730872999999995,72800
ABTX,02/06/18,38.799999,39.650002,38.5,39.5,38.977565999999996,51700
ABTX,02/07/18,39.0,39.099998,38.150002,39.0,38.48418,34300
ABTX,02/08/18,39.0,39.5,38.200001,38.200001,37.694759000000005,48000
ABTX,02/09/18,38.75,39.700001,38.5,39.099998,38.582851,22500
ABTX,02/12/18,39.200001,39.200001,38.049999,38.150002,37.64542,33300
ABTX,02/13/18,38.25,38.849998,38.075001,38.400002,37.892117,51300
ABTX,02/14/18,38.25,39.349998,38.25,39.099998,38.582851,22000
ABTX,02/15/18,39.049999,39.5,38.950001,39.049999,38.533516,12700
ABTX,02/16/18,38.900002,39.849998,38.900002,39.299999,38.780212,11700
ABTX,02/20/18,39.150002,39.5,38.349998,38.599998,38.089465999999994,26200
ABTX,02/21/18,38.75,39.950001,38.75,39.349998,38.829552,27600
ABTX,02/22/18,39.099998,39.549999,38.349998,38.5,37.990790999999994,20900
ABTX,02/23/18,38.700001,38.700001,38.150002,38.700001,38.188148,22000
ABTX,02/26/18,38.849998,39.349998,38.799999,39.25,38.730872999999995,29500
ABTX,02/27/18,39.150002,39.599998,38.599998,38.700001,38.188148,16900
ABTX,02/28/18,38.849998,39.0,37.599998,38.150002,37.64542,39700
ABTX,03/01/18,38.25,38.75,37.900002,38.349998,37.842773,24800
ABTX,03/02/18,38.049999,39.700001,37.849998,39.400002,38.878895,19200
ABTX,03/05/18,39.200001,39.650002,38.400002,39.549999,39.026905,18800
ABTX,03/06/18,39.549999,39.950001,38.849998,39.75,39.224258,10500
ABTX,03/07/18,39.5,40.75,39.150002,40.549999,40.01368,22800
ABTX,03/08/18,40.599998,40.599998,39.349998,39.549999,39.026905,20100
ABTX,03/09/18,39.700001,40.349998,39.200001,40.099998,39.569626,37700
ABTX,03/12/18,40.150002,40.799999,40.099998,40.700001,40.161694,25900
ABTX,03/13/18,40.75,41.200001,40.450001,40.549999,40.01368,23900
ABTX,03/14/18,40.700001,40.700001,39.599998,40.450001,39.915005,21400
ABTX,03/15/18,40.5,41.049999,40.0,40.900002,40.359051,46900
ABTX,03/16/18,40.950001,42.599998,40.849998,41.049999,40.507065000000004,145300
ABTX,03/19/18,40.849998,41.099998,40.049999,41.0,40.457726,17300
ABTX,03/20/18,40.849998,41.049999,40.25,40.299999,39.766991,10600
ABTX,03/21/18,40.299999,40.950001,40.099998,40.400002,39.865665,6800
ABTX,03/22/18,40.099998,40.400002,39.099998,39.400002,38.878895,18400
ABTX,03/23/18,39.450001,39.450001,38.549999,38.650002,38.138809,36400
ABTX,03/26/18,39.150002,40.200001,38.950001,40.049999,39.52029,35900
ABTX,03/27/18,40.25,40.349998,39.400002,39.75,39.224258,26800
ABTX,03/28/18,39.0,39.349998,38.400002,38.799999,38.286823,40100
ABTX,03/29/18,38.900002,39.599998,38.5,39.150002,38.632197999999995,113900
ABTX,04/02/18,39.549999,39.549999,38.150002,39.049999,38.533516,44200
ABTX,04/03/18,39.299999,39.950001,38.799999,39.400002,38.878895,44000
ABTX,04/04/18,39.150002,40.599998,38.849998,40.400002,39.865665,89400
ABTX,04/05/18,40.650002,40.849998,39.650002,40.5,39.96434,17600
ABTX,04/06/18,40.200001,40.75,39.75,40.200001,39.668308,34000
ABTX,04/09/18,40.400002,41.450001,40.299999,40.599998,40.063019,51400
ABTX,04/10/18,40.900002,41.299999,40.400002,40.900002,40.359051,34200
ABTX,04/11/18,40.799999,41.349998,39.775002,40.25,39.717648,18600
ABTX,04/12/18,40.450001,41.099998,40.099998,40.799999,40.260372,16300
ABTX,04/13/18,41.0,41.0,40.25,40.5,39.96434,11600
ABTX,04/16/18,40.349998,41.150002,40.200001,40.849998,40.309708,21900
ABTX,04/17/18,41.099998,41.25,40.450001,40.700001,40.161694,17900
ABTX,04/18/18,40.700001,41.349998,40.549999,40.549999,40.01368,14500
ABTX,04/19/18,40.450001,41.400002,40.25,40.900002,40.359051,15500
ABTX,04/20/18,40.900002,41.400002,40.650002,40.950001,40.408386,22400
ABTX,04/23/18,40.75,41.5,40.75,41.200001,40.655079,16400
ABTX,04/24/18,41.450001,41.75,40.599998,41.650002,41.099133,19900
ABTX,04/25/18,41.700001,42.0,41.400002,41.549999,41.000454,11100
ABTX,04/26/18,41.75,41.75,40.799999,41.150002,40.605740000000004,13400
ABTX,04/27/18,41.200001,41.75,40.5,40.799999,40.260372,8100
ABTX,04/30/18,40.5,41.450001,40.450001,40.450001,39.915005,21000
ABTX,05/01/18,40.400002,40.900002,38.950001,40.75,40.211037,37700
ABTX,05/02/18,40.599998,41.299999,40.549999,41.150002,40.605740000000004,23200
ABTX,05/03/18,40.950001,41.75,40.700001,40.75,40.211037,22000
ABTX,05/04/18,40.549999,42.799999,40.549999,41.400002,40.852436,51300
ABTX,05/07/18,41.5,42.400002,41.299999,42.25,41.691196000000005,19400
ABTX,05/08/18,42.099998,42.599998,42.0,42.450001,41.88855,23300
ABTX,05/09/18,42.599998,42.599998,42.150002,42.25,41.691196000000005,20300
ABTX,05/10/18,42.200001,42.5,41.955002,42.200001,41.641861,18400
ABTX,05/11/18,42.25,43.25,42.049999,42.25,41.691196000000005,16500
ABTX,05/14/18,42.200001,42.5,41.25,41.799999,41.247147,19500
ABTX,05/15/18,41.75,42.549999,41.75,41.950001,41.395164,23900
ABTX,05/16/18,41.950001,42.900002,41.849998,42.400002,41.839214,35200
ABTX,05/17/18,42.400002,42.75,42.349998,42.450001,41.88855,12300
ABTX,05/18/18,42.650002,42.950001,42.25,42.25,41.691196000000005,23500
ABTX,05/21/18,42.5,42.799999,42.0,42.200001,41.641861,50600
ABTX,05/22/18,42.599998,43.25,42.599998,42.75,42.184578,32100
ABTX,05/23/18,42.599998,43.349998,42.450001,42.75,42.184578,26000
ABTX,05/24/18,43.200001,43.200001,42.046001000000004,43.0,42.431274,38000
ABTX,05/25/18,42.950001,43.299999,42.799999,42.900002,42.3326,32600
ABTX,05/29/18,44.5,44.5,42.700001,43.049999,42.48061,25700
ABTX,05/30/18,43.099998,43.75,42.549999,43.650002,43.072678,40400
ABTX,05/31/18,43.650002,43.849998,43.174999,43.549999,42.974003,64100
ABTX,06/01/18,43.700001,44.099998,43.200001,43.549999,42.974003,31100
ABTX,06/04/18,43.799999,43.950001,43.599998,43.849998,43.270031,17600
ABTX,06/05/18,43.75,43.849998,42.950001,43.299999,42.727306,29000
ABTX,06/06/18,43.200001,43.75,42.950001,43.650002,43.072678,70200
ABTX,06/07/18,43.5,44.049999,43.299999,43.5,42.924659999999996,43000
ABTX,06/08/18,43.450001,43.650002,43.150002,43.299999,42.727306,22400
ABTX,06/11/18,43.099998,43.599998,42.400002,42.900002,42.3326,45000
ABTX,06/12/18,42.849998,43.650002,42.150002,42.400002,41.839214,60200
ABTX,06/13/18,42.299999,43.950001,42.049999,42.5,41.937889,42500
ABTX,06/14/18,42.650002,43.5,42.049999,43.099998,42.529953000000006,41800
ABTX,06/15/18,43.099998,43.825001,42.700001,43.75,43.171352,94800
ABTX,06/18/18,43.700001,43.849998,43.049999,43.450001,42.875324,27000
ABTX,06/19/18,43.299999,44.150002,43.25,43.599998,43.023338,49500
ABTX,06/20/18,43.799999,44.0,43.650002,43.75,43.171352,19800
ABTX,06/21/18,43.900002,44.200001,43.625,43.900002,43.31937,31800
ABTX,06/22/18,44.599998,44.599998,43.200001,43.5,42.924659999999996,173600
ABTX,06/25/18,43.349998,43.950001,42.599998,43.400002,42.825989,23300
ABTX,06/26/18,43.400002,43.900002,42.75,43.200001,42.628632,28700
ABTX,06/27/18,43.299999,44.25,42.599998,42.849998,42.283257,36000
ABTX,06/28/18,43.450001,44.700001,43.299999,43.599998,43.023338,98500
ABTX,06/29/18,43.700001,44.150002,43.200001,43.349998,42.776646,28900
ABTX,07/02/18,43.150002,46.849998,42.950001,43.549999,42.974003,17500
ABTX,07/03/18,43.950001,44.150002,43.150002,43.549999,42.974003,60300
ABTX,07/05/18,43.75,45.75,43.549999,43.849998,43.270031,34800
ABTX,07/06/18,43.849998,44.668999,43.849998,44.200001,43.615402,19800
ABTX,07/09/18,44.5,45.049999,44.349998,44.900002,44.306145,18800
ABTX,07/10/18,44.799999,45.0,44.049999,44.299999,43.714085,18600
ABTX,07/11/18,44.049999,44.75,43.849998,43.950001,43.368706,15100
ABTX,07/12/18,44.049999,44.049999,42.599998,43.599998,43.023338,35900
ABTX,07/13/18,43.650002,44.0,43.299999,43.650002,43.072678,24000
ABTX,07/16/18,43.75,44.25,43.75,44.0,43.418045,12000
ABTX,07/17/18,44.150002,44.450001,44.0,44.049999,43.467384,10900
ABTX,07/18/18,43.900002,44.299999,43.849998,44.25,43.664742,11900
ABTX,07/19/18,44.299999,45.0,44.299999,44.900002,44.306145,32400
ABTX,07/20/18,44.799999,45.849998,44.799999,45.400002,44.79953,42900
ABTX,07/23/18,45.299999,45.974998,45.299999,45.599998,44.996887,54500
ABTX,07/24/18,45.950001,46.0,44.849998,45.150002,44.552841,34700
ABTX,07/25/18,45.200001,45.299999,44.549999,45.049999,44.454159000000004,26200
ABTX,07/26/18,45.599998,45.599998,44.900002,45.299999,44.700855,31000
ABTX,07/27/18,45.400002,45.549999,44.400002,44.599998,44.010113,22200
ABTX,07/30/18,44.700001,44.849998,43.849998,44.099998,43.51672,12100
ABTX,07/31/18,44.549999,45.400002,44.001999,44.950001,44.35548,26600
ABTX,08/01/18,45.0,45.099998,44.299999,44.849998,44.256805,19300
ABTX,08/02/18,44.849998,45.299999,44.849998,45.099998,44.503498,21200
ABTX,08/03/18,45.200001,45.349998,43.900002,44.349998,43.76342,21800
ABTX,08/06/18,44.150002,44.700001,44.150002,44.25,43.664742,8400
ABTX,08/07/18,44.349998,44.799999,44.099998,44.349998,43.76342,16600
ABTX,08/08/18,44.25,45.049999,44.25,44.75,44.158131,6700
ABTX,08/09/18,45.049999,45.049999,44.150002,44.75,44.158131,21400
ABTX,08/10/18,44.450001,44.900002,44.349998,44.599998,44.010113,11300
ABTX,08/13/18,44.849998,45.150002,44.099998,44.900002,44.306145,26000
ABTX,08/14/18,45.0,45.5,44.849998,45.349998,44.750191,66200
ABTX,08/15/18,45.150002,45.299999,44.25,44.950001,44.35548,21000
ABTX,08/16/18,45.0,45.900002,44.849998,44.950001,44.35548,24800
ABTX,08/17/18,45.049999,45.200001,44.849998,45.049999,44.454159000000004,20500
ABTX,08/20/18,45.099998,45.619999,43.799999,44.75,44.158131,20500
ABTX,08/21/18,45.099998,45.349998,45.0,45.099998,44.503498,15100
ABTX,08/22/18,45.200001,45.599998,44.999001,45.450001,44.848873,10600
ABTX,08/23/18,45.349998,45.349998,44.799999,44.900002,44.306145,19300
ABTX,08/24/18,45.0,45.0,44.700001,44.75,44.158131,10400
ABTX,08/27/18,44.799999,45.099998,44.549999,44.549999,43.960772999999996,15500
ABTX,08/28/18,44.700001,44.799999,44.200001,44.549999,43.960772999999996,10200
ABTX,08/29/18,43.849998,44.5,43.625,44.349998,43.76342,13200
ABTX,08/30/18,44.299999,44.700001,40.549999,44.349998,43.76342,14800
ABTX,08/31/18,44.049999,44.849998,43.849998,44.549999,43.960772999999996,23200
ABTX,09/04/18,44.349998,45.25,44.349998,44.900002,44.306145,12600
ABTX,09/05/18,44.900002,45.0,44.049999,44.5,43.911438000000004,9300
ABTX,09/06/18,44.220001,44.744999,44.099998,44.400002,43.812759,7700
ABTX,09/07/18,44.200001,44.75,44.200001,44.75,44.158131,6400
ABTX,09/10/18,44.799999,44.799999,43.849998,44.049999,43.467384,10000
ABTX,09/11/18,43.849998,45.0,43.75,44.950001,44.35548,30800
ABTX,09/12/18,44.549999,44.549999,43.450001,43.75,43.171352,36600
ABTX,09/13/18,43.799999,44.0,43.700001,43.799999,43.220692,10200
ABTX,09/14/18,43.400002,44.799999,43.215,44.0,43.418045,16700
ABTX,09/17/18,44.549999,44.549999,43.299999,43.549999,42.974003,26700
ABTX,09/18/18,43.150002,43.849998,42.5,43.650002,43.072678,15200
ABTX,09/19/18,44.0,44.349998,43.599998,43.799999,43.220692,18100
ABTX,09/20/18,43.75,45.099998,43.75,45.0,44.404823,32600
ABTX,09/21/18,44.950001,45.200001,44.549999,44.75,44.158131,42100
ABTX,09/24/18,44.700001,44.700001,43.150002,43.349998,42.776646,20400
ABTX,09/25/18,43.450001,43.5,42.799999,42.849998,42.283257,8900
ABTX,09/26/18,42.400002,42.75,40.549999,40.75,40.211037,33900
ABTX,09/27/18,40.75,42.450001,40.75,41.5,40.951115,42500
ABTX,09/28/18,41.400002,42.25,41.0,41.700001,41.148472,20300
ABTX,10/01/18,41.759997999999996,42.639998999999996,40.509997999999996,40.610001000000004,40.072887,31000
ABTX,10/02/18,40.619999,40.939999,40.400002,40.810001,40.270241,19600
ABTX,10/03/18,41.209998999999996,43.360001000000004,41.189999,43.09,42.520084000000004,56000
ABTX,10/04/18,42.779999,43.32,41.93,42.130001,41.572781,25600
ABTX,10/05/18,41.970001,41.970001,41.299999,41.310001,40.76363,29200
ABTX,10/08/18,41.445,42.299999,41.330002,42.27,41.71093,56500
ABTX,10/09/18,42.16,43.446999,41.52,42.25,41.691196000000005,33600
ABTX,10/10/18,41.744999,42.560001,41.439999,41.459998999999996,40.911640000000006,38200
ABTX,10/11/18,41.400002,41.73,39.75,39.759997999999996,39.234127,68700
ABTX,10/12/18,40.290001000000004,40.415001000000004,38.419998,39.689999,39.165051,97500
ABTX,10/15/18,39.939999,40.34,39.57,39.98,39.451214,33200
ABTX,10/16/18,40.389998999999996,40.77,39.597,40.59,40.05315,24400
ABTX,10/17/18,40.540001000000004,41.419998,40.029999,40.709998999999996,40.171562,54400
ABTX,10/18/18,40.57,41.255001,39.740002000000004,40.0,39.470951,23400
ABTX,10/19/18,39.93,41.23,39.549999,40.119999,39.589363,36500
ABTX,10/22/18,40.27,40.944,38.439999,39.130001,38.612457,61200
ABTX,10/23/18,38.720001,40.113997999999995,38.360001000000004,38.400002,37.892117,59800
ABTX,10/24/18,38.299999,39.360001000000004,37.18,37.18,36.688248,54000
ABTX,10/25/18,37.700001,40.0,37.400002,39.650002,39.125584,41200
ABTX,10/26/18,38.02,39.73,37.59,38.360001000000004,37.852646,49900
ABTX,10/29/18,38.689999,39.91,37.669998,38.779999,38.267086,50500
ABTX,10/30/18,38.650002,38.990002000000004,37.82,38.400002,37.892117,107400
ABTX,10/31/18,38.830002,39.105,38.0,38.709998999999996,38.198009000000006,68100
ABTX,11/01/18,38.82,39.860001000000004,38.200001,38.470001,37.961189000000005,57200
ABTX,11/02/18,38.470001,39.18,38.470001,38.599998,38.089465999999994,21500
ABTX,11/05/18,38.57,39.0,38.349998,38.77,38.257217,45500
ABTX,11/06/18,38.599998,39.279999,38.34,39.279999,38.760479,42900
ABTX,11/07/18,39.27,39.327,38.27,38.799999,38.286823,57600
ABTX,11/08/18,38.799999,39.110001000000004,38.75,39.02,38.503914,53500
ABTX,11/09/18,38.889998999999996,39.110001000000004,38.700001,39.0,38.48418,52200
ABTX,11/12/18,38.880001,38.880001,37.630001,38.580002,38.069736,49800
ABTX,11/13/18,38.599998,38.962002000000005,38.25,38.68,38.168407,45100
ABTX,11/14/18,38.849998,38.915001000000004,37.740002000000004,37.959998999999996,37.457932,47200
ABTX,11/15/18,37.740002000000004,38.779999,33.049999,38.5,37.990790999999994,36200
ABTX,11/16/18,38.23,38.5,37.720001,38.27,37.763832,48900
ABTX,11/19/18,38.18,38.25,37.860001000000004,38.18,37.675022,52800
ABTX,11/20/18,37.799999,38.200001,37.16,37.25,36.757324,34400
ABTX,11/21/18,37.18,37.990002000000004,37.119999,37.360001000000004,36.865871000000006,26500
ABTX,11/23/18,37.349998,37.900002,37.259997999999996,37.709998999999996,37.211242999999996,14500
ABTX,11/26/18,37.779999,38.0,33.610001000000004,37.860001000000004,37.359261,27500
ABTX,11/27/18,37.75,38.049999,35.990002000000004,37.830002,37.329659,25600
ABTX,11/28/18,38.0,38.779999,37.634997999999996,38.73,38.217751,132200
ABTX,11/29/18,38.830002,38.830002,37.25,38.169998,37.665154,87500
ABTX,11/30/18,38.049999,38.5,37.560001,37.93,37.428329,79100
ABTX,12/03/18,38.5,38.5,37.32,37.360001000000004,36.865871000000006,61400
ABTX,12/04/18,37.209998999999996,37.209998999999996,35.16,35.25,34.783775,95000
ABTX,12/06/18,34.790001000000004,35.400002,34.619999,35.0,34.537085999999995,93100
ABTX,12/07/18,34.93,35.099998,34.16,34.5,34.043696999999995,45600
ABTX,12/10/18,34.189999,34.415001000000004,33.299999,34.099998,33.648987,96700
ABTX,12/11/18,34.5,34.650002,33.970001,33.970001,33.52071,67700
ABTX,12/12/18,34.0,34.75,34.0,34.099998,33.648987,100200
ABTX,12/13/18,34.25,34.639998999999996,33.0,33.169998,32.731281,55800
ABTX,12/14/18,33.0,33.330002,32.310001,32.400002,31.971474,48400
ABTX,12/17/18,32.27,32.779999,31.370001000000002,31.879998999999998,31.458351,67400
ABTX,12/18/18,32.07,32.66,30.569,31.48,31.063639000000002,84300
ABTX,12/19/18,31.58,31.66,29.93,30.09,29.692024,87100
ABTX,12/20/18,29.99,30.24,29.1,29.870001000000002,29.474936,120400
ABTX,12/21/18,30.049999,30.459999,29.549999,29.790001,29.395992,210200
ABTX,12/24/18,29.639999,30.09,28.58,29.34,28.951944,22400
ABTX,12/26/18,29.41,30.780001000000002,29.18,30.68,30.27422,62900
ABTX,12/27/18,30.299999,31.1,29.57,30.48,30.076868,76900
ABTX,12/28/18,30.6,31.690001000000002,30.6,31.549999,31.132710999999997,79400
ABTX,12/31/18,32.139998999999996,32.380001,31.450001,32.369999,31.941868,65400
ABTX,01/02/19,32.110001000000004,33.470001,32.110001000000004,33.450001,33.007584,78900
ABTX,01/03/19,33.380001,33.84,33.060001,33.549999,33.106266,62800
ABTX,01/04/19,33.849998,35.02,33.73,34.75,34.290394,49500
ABTX,01/07/19,34.52,35.330002,34.25,35.009997999999996,34.546951,60700
ABTX,01/08/19,35.110001000000004,35.898998,34.68,35.68,35.208092,54500
ABTX,01/09/19,35.599998,35.990002000000004,35.349998,35.77,35.296898,42400
ABTX,01/10/19,35.77,35.895,34.84,35.240002000000004,34.773911,67200
ABTX,01/11/19,34.790001000000004,35.349998,34.720001,35.040001000000004,34.576553000000004,59800
ABTX,01/14/19,34.779999,35.900002,34.5,35.099998,34.635757,38700
ABTX,01/15/19,35.02,35.889998999999996,34.959998999999996,35.27,34.803513,46700
ABTX,01/16/19,35.419998,36.389998999999996,35.419998,35.98,35.50412,43600
ABTX,01/17/19,35.919998,36.310001,35.790001000000004,36.0,35.523853,32800
ABTX,01/18/19,36.029999,36.860001000000004,35.900002,36.34,35.859359999999995,49300
ABTX,01/22/19,36.25,36.32,35.580002,35.82,35.346237,58900
ABTX,01/23/19,35.849998,35.900002,35.599998,35.77,35.296898,24600
ABTX,01/24/19,35.759997999999996,36.110001000000004,35.25,35.509997999999996,35.04034,75600
ABTX,01/25/19,35.43,35.990002000000004,34.919998,35.529999,35.060074,86100
ABTX,01/28/19,35.130001,36.380001,35.130001,36.25,35.77055,138200
ABTX,01/29/19,36.209998999999996,36.689999,35.93,36.07,35.592929999999996,65200
ABTX,01/30/19,36.18,36.389998999999996,35.900002,36.009997999999996,35.533722,112900
ABTX,01/31/19,35.880001,36.09,35.619999,35.919998,35.444912,56200
ABTX,02/01/19,36.009997999999996,36.34,35.860001000000004,36.07,35.592929999999996,57900
ABTX,02/04/19,36.060001,36.639998999999996,34.09,36.470001,35.987644,200900
ABTX,02/05/19,36.470001,36.73,36.259997999999996,36.549999,36.066586,64300
ABTX,02/06/19,36.740002000000004,36.919998,36.470001,36.73,36.244202,110000
ABTX,02/07/19,36.990002000000004,37.18,36.740002000000004,37.119999,36.62904,145900
ABTX,02/08/19,36.91,37.490002000000004,36.810001,37.369999,36.875735999999996,50000
ABTX,02/11/19,37.380001,37.985001000000004,37.380001,37.880001,37.378994,75800
ABTX,02/12/19,37.549999,38.200001,37.549999,38.0,37.497406,120900
ABTX,02/13/19,38.0,38.25,37.880001,38.169998,37.665154,56600
ABTX,02/14/19,38.029999,38.5,37.900002,38.150002,37.64542,58100
ABTX,02/15/19,38.330002,38.759997999999996,38.330002,38.75,38.237484,72700
ABTX,02/19/19,38.5,38.830002,38.119999,38.740002000000004,38.227615,67900
ABTX,02/20/19,38.73,38.810001,38.353001,38.799999,38.286823,43800
ABTX,02/21/19,38.790001000000004,38.950001,38.299999,38.599998,38.089465999999994,44400
ABTX,02/22/19,38.610001000000004,38.619999,38.18,38.279999,37.773701,47700
ABTX,02/25/19,38.490002000000004,38.639998999999996,37.93,37.950001,37.448071,44900
ABTX,02/26/19,37.75,38.18,37.240002000000004,37.810001,37.309921,52100
ABTX,02/27/19,37.799999,38.25,37.282001,37.93,37.428329,49400
ABTX,02/28/19,38.0,38.290001000000004,37.869999,38.259997999999996,37.75396,128200
ABTX,03/01/19,38.07,38.5,37.695,38.119999,37.615814,56800
ABTX,03/04/19,38.119999,38.349998,37.715,37.84,37.33952,52300
ABTX,03/05/19,37.849998,38.0,37.41,37.68,37.181641,43000
ABTX,03/06/19,37.689999,38.009997999999996,36.82,36.91,36.421822,49700
ABTX,03/07/19,36.779999,36.84,35.889998999999996,35.970001,35.494251,47300
ABTX,03/08/19,35.790001000000004,36.09,35.639998999999996,35.889998999999996,35.41531,42700
ABTX,03/11/19,35.919998,36.470001,35.919998,36.32,35.839626,50900
ABTX,03/12/19,36.310001,36.540001000000004,36.169998,36.240002000000004,35.760684999999995,30700
ABTX,03/13/19,36.360001000000004,36.5,36.200001,36.299999,35.819885,77400
ABTX,03/14/19,36.330002,36.560001,36.25,36.360001000000004,35.879093,49700
ABTX,03/15/19,36.349998,36.77,36.279999,36.34,35.859359999999995,135500
ABTX,03/18/19,36.360001000000004,36.919998,36.360001000000004,36.57,36.086323,70200
ABTX,03/19/19,36.68,36.700001,35.740002000000004,35.830002,35.356106,32000
ABTX,03/20/19,35.759997999999996,36.0,34.73,34.77,34.310127,35800
ABTX,03/21/19,34.599998,35.25,34.349998,34.419998,33.964752000000004,42600
ABTX,03/22/19,34.119999,34.119999,32.080002,32.27,31.843189000000002,185200
ABTX,03/25/19,32.32,33.09,31.889999,32.599998,32.168827,179300
ABTX,03/26/19,32.970001,33.669998,32.669998,33.349998,32.908905,272400
ABTX,03/27/19,33.330002,33.549999,32.98,33.41,32.968113,78600
ABTX,03/28/19,33.400002,34.09,33.169998,33.990002000000004,33.540442999999996,124400
ABTX,03/29/19,34.169998,34.169998,33.439999,33.720001,33.274017,112400
ABTX,04/01/19,33.98,34.950001,33.98,34.880001,34.418673999999996,149500
ABTX,04/02/19,35.25,35.5,34.630001,35.16,34.694965,97500
ABTX,04/03/19,35.400002,35.564999,34.919998,35.349998,34.88245,93800
ABTX,04/04/19,35.360001000000004,36.014998999999996,35.099998,35.82,35.346237,62700
ABTX,04/05/19,35.830002,36.130001,35.529999,36.040001000000004,35.563328000000006,46700
ABTX,04/08/19,36.029999,36.23,35.790001000000004,35.93,35.454784000000004,35700
ABTX,04/09/19,35.91,36.029999,35.48,35.490002000000004,35.020603,71500
ABTX,04/10/19,35.380001,36.09,35.360001000000004,35.849998,35.375839,92200
ABTX,04/11/19,35.959998999999996,36.362999,35.790001000000004,36.279999,35.800152000000004,48200
ABTX,04/12/19,36.529999,37.0,36.290001000000004,36.849998,36.362614,47600
ABTX,04/15/19,37.0,37.110001000000004,36.330002,36.529999,36.046848,50000
ABTX,04/16/19,36.529999,37.07,36.389998999999996,36.959998999999996,36.471160999999995,56500
ABTX,04/17/19,37.16,37.16,36.639998999999996,36.990002000000004,36.500766999999996,65100
ABTX,04/18/19,36.919998,37.209998999999996,36.459998999999996,36.540001000000004,36.056717,56400
ABTX,04/22/19,36.16,36.790001000000004,35.459998999999996,35.93,35.454784000000004,41600
ABTX,04/23/19,36.16,36.84,35.73,36.740002000000004,36.254073999999996,66000
ABTX,04/24/19,36.77,37.32,36.43,37.060001,36.569835999999995,100800
ABTX,04/25/19,37.07,37.470001,36.52,37.060001,36.569835999999995,39400
ABTX,04/26/19,35.82,36.639998999999996,35.044998,36.25,35.77055,140700
ABTX,04/29/19,34.799999,36.200001,33.41,35.400002,34.931796999999996,158700
ABTX,04/30/19,35.259997999999996,35.330002,34.439999,34.57,34.112770000000005,112800
ABTX,05/01/19,34.68,35.310001,34.389998999999996,34.48,34.023959999999995,97300
ABTX,05/02/19,34.630001,35.150002,34.630001,34.900002,34.438408,68300
ABTX,05/03/19,34.950001,35.970001,34.950001,35.82,35.346237,83600
ABTX,05/06/19,35.259997999999996,36.18,35.259997999999996,35.959998999999996,35.484386,51900
ABTX,05/07/19,35.57,35.990002000000004,35.57,35.759997999999996,35.287029,96000
ABTX,05/08/19,35.639998999999996,35.849998,35.369999,35.369999,34.902187,66500
ABTX,05/09/19,35.049999,35.700001,34.794998,35.490002000000004,35.020603,46700
ABTX,05/10/19,35.369999,36.0,35.130001,35.900002,35.425182,69200
ABTX,05/13/19,35.369999,35.419998,34.59,34.689999,34.231182000000004,77900
ABTX,05/14/19,34.849998,35.43,34.459998999999996,35.150002,34.685103999999995,82500
ABTX,05/15/19,34.849998,35.0,34.290001000000004,34.970001,34.507484000000005,91000
ABTX,05/16/19,35.040001000000004,35.580002,35.040001000000004,35.349998,34.88245,67600
ABTX,05/17/19,35.049999,35.610001000000004,34.880001,34.990002000000004,34.527218,63100
ABTX,05/20/19,34.790001000000004,35.619999,34.509997999999996,35.09,34.625896000000004,62100
ABTX,05/21/19,35.200001,35.580002,35.099998,35.419998,34.95153,46500
ABTX,05/22/19,35.200001,35.235001000000004,34.880001,35.080002,34.616028,41200
ABTX,05/23/19,34.709998999999996,34.84,34.099998,34.41,33.954884,46800
ABTX,05/24/19,34.75,35.029999,34.59,34.950001,34.487747,69300
ABTX,05/28/19,34.82,34.945,34.240002000000004,34.27,33.816738,85200
ABTX,05/29/19,34.049999,34.330002,33.610001000000004,34.189999,33.737797,65500
ABTX,05/30/19,34.229,34.259997999999996,33.060001,33.32,32.879298999999996,44700
ABTX,05/31/19,32.82,33.279999,32.259997999999996,32.459998999999996,32.030678,57100
ABTX,06/03/19,32.48,32.91,32.189999,32.540001000000004,32.109623,78500
ABTX,06/04/19,32.970001,33.630001,32.610001000000004,33.450001,33.007584,99200
ABTX,06/05/19,33.349998,33.450001,32.619999,32.720001,32.287239,54400
ABTX,06/06/19,32.709998999999996,32.790001000000004,31.9,32.52,32.089886,55500
ABTX,06/07/19,32.400002,32.59,32.09,32.439999,32.010940999999995,48100
ABTX,06/10/19,32.490002000000004,33.48,32.200001,32.77,32.336582,102800
ABTX,06/11/19,32.919998,33.075001,32.5,32.580002,32.149094,136800
ABTX,06/12/19,32.669998,32.759997999999996,32.369999,32.639998999999996,32.208298,70600
ABTX,06/13/19,32.790001000000004,33.040001000000004,32.5,32.720001,32.287239,86900
ABTX,06/14/19,33.075001,33.16,32.439999,32.84,32.405651,54700
ABTX,06/17/19,32.77,33.23,32.77,32.900002,32.464859000000004,67200
ABTX,06/18/19,32.93,33.560001,32.93,33.259997999999996,32.820091,53600
ABTX,06/19/19,33.240002000000004,33.884997999999996,33.240002000000004,33.349998,32.908905,71500
ABTX,06/20/19,33.450001,33.889998999999996,33.005001,33.450001,33.007584,39000
ABTX,06/21/19,33.18,33.779999,32.860001000000004,32.91,32.474728000000006,87900
ABTX,06/24/19,33.040001000000004,33.799999,32.470001,32.5,32.070152,115500
ABTX,06/25/19,32.43,32.630001,31.85,32.439999,32.010940999999995,69500
ABTX,06/26/19,32.41,32.619999,32.139998999999996,32.200001,31.774116999999997,79200
ABTX,06/27/19,32.139998999999996,32.91,32.139998999999996,32.709998999999996,32.277374,114900
ABTX,06/28/19,32.93,33.814999,32.84,33.34,32.899035999999995,1111800
ABTX,07/01/19,33.599998,33.810001,33.299999,33.349998,32.908905,99000
ABTX,07/02/19,33.310001,33.689999,32.66,33.119999,32.681946,73200
ABTX,07/03/19,33.139998999999996,33.349998,33.029999,33.189999,32.751022,27500
ABTX,07/05/19,33.209998999999996,33.720001,33.209998999999996,33.52,33.076664,69000
ABTX,07/08/19,33.360001000000004,33.400002,33.130001,33.209998999999996,32.770756,60400
ABTX,07/09/19,33.009997999999996,33.470001,33.009997999999996,33.41,32.968113,39100
ABTX,07/10/19,33.490002000000004,33.529999,33.095001,33.099998,32.662212,53400
ABTX,07/11/19,33.25,33.650002,33.09,33.509997999999996,33.066792,48500
ABTX,07/12/19,33.509997999999996,34.220001,33.509997999999996,34.110001000000004,33.658854999999996,64400
ABTX,07/15/19,34.099998,34.099998,33.279999,33.389998999999996,32.948376,51800
ABTX,07/16/19,33.279999,33.869999,33.255001,33.459998999999996,33.017456,51400
ABTX,07/17/19,33.310001,33.529999,33.130001,33.259997999999996,32.820091,32800
ABTX,07/18/19,33.18,33.77,33.18,33.5,33.056923,40600
ABTX,07/19/19,33.360001000000004,33.73,33.349998,33.509997999999996,33.066792,54600
ABTX,07/22/19,33.419998,33.700001,33.07,33.220001,32.780623999999996,32500
ABTX,07/23/19,33.310001,33.630001,33.255001,33.459998999999996,33.017456,47300
ABTX,07/24/19,33.849998,34.139998999999996,33.459998999999996,34.049999,33.599647999999995,148100
ABTX,07/25/19,34.049999,34.220001,33.555,33.77,33.323353000000004,63900
ABTX,07/26/19,34.990002000000004,35.830002,34.049999,35.290001000000004,34.82325,132200
ABTX,07/29/19,35.029999,35.209998999999996,33.974998,34.139998999999996,33.688457,89600
ABTX,07/30/19,33.759997999999996,33.950001,33.564999,33.779999,33.333218,65500
ABTX,07/31/19,33.669998,34.099998,33.48,33.560001,33.116131,111700
ABTX,08/01/19,33.48,33.869999,32.23,32.549999,32.119488,101600
ABTX,08/02/19,32.389998999999996,32.799999,31.92,32.400002,31.971474,75300
ABTX,08/05/19,31.780001000000002,32.23,31.389999,31.799999,31.379408,66700
ABTX,08/06/19,31.85,32.189999,31.379998999999998,32.029999,31.606365000000004,51500
ABTX,08/07/19,31.52,31.931998999999998,31.18,31.76,31.339937,76000
ABTX,08/08/19,32.029999,32.939999,32.029999,32.580002,32.149094,66400
ABTX,08/09/19,32.389998999999996,32.709998999999996,32.16,32.580002,32.149094,50200
ABTX,08/12/19,32.220001,32.27,31.950001,32.009997999999996,31.586628,41300
ABTX,08/13/19,32.0,32.810001,32.0,32.419998,31.991204999999997,87900
ABTX,08/14/19,31.76,31.76,31.205,31.48,31.063639000000002,51100
ABTX,08/15/19,31.530001000000002,31.82,31.365,31.57,31.152449,64300
ABTX,08/16/19,31.75,32.369999,31.360001,32.080002,31.655703999999997,72800
ABTX,08/19/19,32.5,32.73,32.279999,32.439999,32.010940999999995,44100
ABTX,08/20/19,32.32,32.32,32.07,32.16,31.734646,41300
ABTX,08/21/19,32.240002000000004,32.349998,32.02,32.18,31.754381,71200
ABTX,08/22/19,32.290001000000004,32.369999,32.110001000000004,32.110001000000004,31.685307,54800
ABTX,08/23/19,31.940001000000002,32.310001,31.25,31.32,30.905758000000002,64200
ABTX,08/26/19,31.610001,31.84,31.33,31.790001,31.369540999999998,40900
ABTX,08/27/19,31.639999,31.764,30.975,31.24,30.826813,78400
ABTX,08/28/19,30.959999,31.9,30.959999,31.639999,31.221521000000003,50300
ABTX,08/29/19,31.620001000000002,32.310001,31.283001000000002,32.23,31.803719,187100
ABTX,08/30/19,32.43,32.43,32.0,32.41,31.981337,78600
ABTX,09/03/19,32.130001,32.220001,31.540001,31.85,31.428749,41900
ABTX,09/04/19,32.18,32.18,31.799999,31.950001,31.527426000000002,43300
ABTX,09/05/19,32.349998,33.299999,32.240002000000004,33.029999,32.593136,65800
ABTX,09/06/19,32.919998,32.959998999999996,32.02,32.619999,32.188564,44500
ABTX,09/09/19,32.810001,34.271,32.73,34.009997999999996,33.560177,203800
ABTX,09/10/19,33.93,34.990002000000004,33.619999,34.790001000000004,34.329865000000005,122100
ABTX,09/11/19,34.799999,35.970001,34.52,35.799999,35.3265,118700
ABTX,09/12/19,35.57,36.110001000000004,35.119999,36.040001000000004,35.563328000000006,127000
ABTX,09/13/19,36.049999,36.25,35.41,35.5,35.030471999999996,173100
ABTX,09/16/19,35.220001,35.400002,34.955002,35.200001,34.73444,175800
ABTX,09/17/19,34.950001,35.049999,34.549999,35.009997999999996,34.546951,77900
ABTX,09/18/19,34.939999,35.189999,34.360001000000004,34.77,34.310127,73700
ABTX,09/19/19,34.799999,35.02,34.25,34.459998999999996,34.004227,88900
ABTX,09/20/19,34.459998999999996,34.669998,33.5,33.5,33.056923,496500
ABTX,09/23/19,33.09,33.639998999999996,33.09,33.59,33.145733,69900
ABTX,09/24/19,33.580002,33.68,32.27,32.389998999999996,31.961603000000004,168300
ABTX,09/25/19,32.490002000000004,33.290001000000004,32.330002,33.145,32.706619,92100
ABTX,09/26/19,33.099998,33.16,32.130001,32.16,31.734646,47700
ABTX,09/27/19,32.43,32.669998,31.870001000000002,32.049999,31.626101000000002,78800
ABTX,09/30/19,32.02,32.380001,31.84,32.09,31.665573,105200
ABTX,10/01/19,32.130001,32.560001,31.02,31.129998999999998,30.718266999999997,56600
ABTX,10/02/19,30.84,31.07,30.6,30.969998999999998,30.560387,60400
ABTX,10/03/19,30.82,31.030001000000002,30.4,30.93,30.520915999999996,101200
ABTX,10/04/19,30.85,31.299999,30.809998999999998,31.219998999999998,30.807077000000003,69700
ABTX,10/07/19,31.08,31.83,30.815001000000002,31.639999,31.221521000000003,153500
ABTX,10/08/19,34.98,34.98,33.41,33.919998,33.471367,1635100
ABTX,10/09/19,33.970001,34.34,33.700001,34.099998,33.648987,496200
ABTX,10/10/19,33.77,35.0,33.259997999999996,33.490002000000004,33.047062,4729600
ABTX,10/11/19,33.509997999999996,34.110001000000004,33.279999,33.529999,33.086525,427000
ABTX,10/14/19,33.509997999999996,34.290001000000004,33.220001,33.869999,33.422028000000005,253600
ABTX,10/15/19,33.759997999999996,34.77,33.709998999999996,34.419998,33.964752000000004,266600
ABTX,10/16/19,34.369999,34.91,34.369999,34.48,34.023959999999995,254800
ABTX,10/17/19,34.529999,34.880001,34.439999,34.790001000000004,34.329865000000005,256900
ABTX,10/18/19,34.549999,35.189999,34.48,35.099998,34.635757,242700
ABTX,10/21/19,35.150002,35.970001,34.880001,35.720001,35.247562,197600
ABTX,10/22/19,35.720001,36.009997999999996,35.330002,35.740002000000004,35.267296,229500
ABTX,10/23/19,35.779999,35.855,35.279999,35.84,35.365974,160200
ABTX,10/24/19,35.889998999999996,35.889998999999996,34.68,35.009997999999996,34.546951,321500
ABTX,10/25/19,34.27,34.73,33.639998999999996,33.970001,33.52071,477900
ABTX,10/28/19,33.349998,34.049999,33.27,33.509997999999996,33.066792,288400
ABTX,10/29/19,33.709998999999996,33.950001,33.18,33.209998999999996,32.770756,192100
ABTX,10/30/19,33.139998999999996,33.18,32.619999,33.040001000000004,32.603008,134800
ABTX,10/31/19,32.75,33.299999,32.52,33.259997999999996,32.820091,187500
ABTX,11/01/19,33.209998999999996,34.279999,33.209998999999996,34.169998,33.718059999999994,176600
ABTX,11/04/19,34.630001,35.5,34.599998,35.389998999999996,34.921925,217700
ABTX,11/05/19,35.759997999999996,35.950001,34.669998,35.02,34.55682,236900
ABTX,11/06/19,35.060001,35.349998,34.880001,35.049999,34.586422,120100
ABTX,11/07/19,35.470001,35.709998999999996,35.240002000000004,35.32,34.852848,127500
ABTX,11/08/19,35.459998999999996,35.68,35.130001,35.200001,34.73444,133700
ABTX,11/11/19,35.02,35.439999,35.02,35.32,34.852848,119400
ABTX,11/12/19,35.32,35.669998,35.139998999999996,35.330002,34.86272,189500
ABTX,11/13/19,35.09,35.25,34.900002,35.060001,34.596294,104800
ABTX,11/14/19,35.040001000000004,35.360001000000004,34.650002,34.650002,34.191711,140300
ABTX,11/15/19,34.880001,34.990002000000004,34.470001,34.650002,34.191711,741400
ABTX,11/18/19,34.57,34.57,33.900002,34.470001,34.014095000000005,184900
ABTX,11/19/19,34.52,35.150002,34.509997999999996,35.09,34.625896000000004,181700
ABTX,11/20/19,34.860001000000004,35.389998999999996,34.740002000000004,35.209998999999996,34.744305,151100
ABTX,11/21/19,35.299999,35.299999,34.799999,35.18,34.714703,103800
ABTX,11/22/19,35.299999,35.5,35.18,35.299999,34.833115,109100
ABTX,11/25/19,35.27,36.0,35.220001,35.794998,35.321568,199600
ABTX,11/26/19,35.75,35.970001,35.400002,35.439999,34.971264,140400
ABTX,11/27/19,35.66,35.889998999999996,35.632,35.759997999999996,35.287029,91200
ABTX,11/29/19,35.700001,36.0,35.400002,35.880001,35.405440999999996,78600
ABTX,12/02/19,36.0,36.330002,35.43,35.59,35.119282,258500
ABTX,12/03/19,35.27,35.560001,34.860001000000004,35.52,35.050205,101800
ABTX,12/04/19,35.689999,36.400002,35.689999,35.990002000000004,35.513992,182000
ABTX,12/05/19,36.02,36.27,35.935001,36.0,35.523853,124100
ABTX,12/06/19,36.25,36.5,36.169998,36.459998999999996,35.977776,144700
ABTX,12/09/19,36.450001,36.66,36.389998999999996,36.650002,36.165264,86400
ABTX,12/10/19,36.650002,36.849998,36.5,36.740002000000004,36.254073999999996,76000
ABTX,12/11/19,36.799999,36.84,36.259997999999996,36.310001,35.829758,64100
ABTX,12/12/19,36.349998,37.105,36.25,36.990002000000004,36.500766999999996,154200
ABTX,12/13/19,36.689999,37.09,36.541,36.990002000000004,36.500766999999996,67800
ABTX,12/16/19,37.200001,37.75,37.150002,37.369999,36.875735999999996,128900
ABTX,12/17/19,37.369999,38.0,37.369999,37.950001,37.448071,125000
ABTX,12/18/19,37.950001,38.18,37.73,37.990002000000004,37.487536999999996,160700
ABTX,12/19/19,37.990002000000004,38.0,37.639998999999996,37.939999,37.438198,58500
ABTX,12/20/19,37.970001,38.099998,37.57,37.970001,37.467804,870100
ABTX,12/23/19,37.91,37.939999,37.509997999999996,37.580002,37.082966,76400
ABTX,12/24/19,37.700001,37.790001000000004,37.485001000000004,37.639998999999996,37.14217,38300
ABTX,12/26/19,37.639998999999996,37.66,37.325001,37.48,36.984283000000005,59800
ABTX,12/27/19,37.66,37.66,37.235001000000004,37.389998999999996,36.895472999999996,53600
ABTX,12/30/19,37.380001,37.889998999999996,37.349998,37.5,37.004025,120400
ABTX,12/31/19,37.48,37.689999,37.400002,37.599998,37.102695000000004,120300
ABTX,01/02/20,38.02,38.02,37.25,37.470001,36.974422,90400
ABTX,01/03/20,37.080002,37.5,36.860001000000004,37.389998999999996,36.895472999999996,101600
ABTX,01/06/20,37.040001000000004,37.549999,36.950001,37.41,36.915211,69100
ABTX,01/07/20,37.389998999999996,37.5,36.799999,37.049999,36.559971000000004,143600
ABTX,01/08/20,37.0,37.59,37.0,37.549999,37.05336,106900
ABTX,01/09/20,37.549999,37.68,37.290001000000004,37.470001,36.974422,81400
ABTX,01/10/20,37.349998,37.48,37.009997999999996,37.259997999999996,36.767189,86900
ABTX,01/13/20,37.25,37.330002,37.0,37.32,36.826397,101400
ABTX,01/14/20,37.299999,37.615002000000004,37.029999,37.369999,36.875735999999996,73800
ABTX,01/15/20,37.220001,37.41,36.950001,37.169998,36.678379,82600
ABTX,01/16/20,37.040001000000004,37.720001,36.959998999999996,37.580002,37.082966,90200
ABTX,01/17/20,37.759997999999996,37.759997999999996,37.25,37.400002,36.905342,82300
ABTX,01/21/20,37.240002000000004,37.32,36.939999,36.970001,36.48103,62200
ABTX,01/22/20,37.02,37.110001000000004,36.84,37.009997999999996,36.520496,65400
ABTX,01/23/20,36.77,37.130001,36.5,37.060001,36.569835999999995,122400
ABTX,01/24/20,37.080002,37.080002,36.5,36.779999,36.293541,78800
ABTX,01/27/20,36.169998,36.700001,36.0,36.48,35.997509,71700
ABTX,01/28/20,36.630001,37.099998,36.599998,36.669998,36.184994,73800
ABTX,01/29/20,37.0,37.98,37.0,37.77,37.270451,223700
ABTX,01/30/20,37.560001,37.990002000000004,37.389998999999996,37.950001,37.448071,126000
ABTX,01/31/20,37.709998999999996,37.709998999999996,37.130001,37.200001,36.707985,121100
ABTX,02/03/20,37.450001,37.974998,37.16,37.91,37.408596,145800
ABTX,02/04/20,38.0,38.150002,37.529999,37.880001,37.378994,172200
ABTX,02/05/20,38.299999,38.625,37.84,38.580002,38.069736,165600
ABTX,02/06/20,38.439999,38.950001,38.419998,38.720001,38.207882,186600
ABTX,02/07/20,38.48,38.48,38.0,38.259997999999996,37.75396,83500
ABTX,02/10/20,38.299999,38.299999,37.900002,38.18,37.675022,87400
ABTX,02/11/20,38.450001,38.709998999999996,38.220001,38.240002000000004,37.73423,113600
ABTX,02/12/20,38.450001,38.5,38.09,38.25,37.744099,91300
ABTX,02/13/20,37.799999,38.599998,37.674999,38.490002000000004,37.980927,116200
ABTX,02/14/20,38.490002000000004,38.759997999999996,38.169998,38.439999,37.931583,87700
ABTX,02/18/20,38.369999,38.369999,37.369999,37.540001000000004,37.043490999999996,67800
ABTX,02/19/20,37.509997999999996,37.709998999999996,37.369999,37.650002,37.152039,62000
ABTX,02/20/20,37.599998,38.130001,37.360001000000004,37.82,37.319786,75100
ABTX,02/21/20,37.799999,37.799999,37.240002000000004,37.689999,37.191505,136800
ABTX,02/24/20,36.779999,36.900002,36.450001,36.759997999999996,36.273804,55900
ABTX,02/25/20,36.860001000000004,36.860001000000004,35.610001000000004,35.810001,35.336372,68800
ABTX,02/26/20,36.029999,36.330002,35.189999,35.380001,34.912056,94000
ABTX,02/27/20,34.740002000000004,35.439999,33.98,34.0,33.645409,83300
ABTX,02/28/20,33.220001,33.82,29.879998999999998,33.169998,32.824059000000005,172000
ABTX,03/02/20,33.240002000000004,34.200001,32.889998999999996,34.119999,33.764153,93100
ABTX,03/03/20,34.02,34.369999,33.060001,33.380001,33.031876000000004,112100
ABTX,03/04/20,33.650002,34.130001,33.080002,33.82,33.467285,107200
ABTX,03/05/20,33.130001,33.130001,31.68,32.09,31.755327,109100
ABTX,03/06/20,30.879998999999998,31.42,29.719998999999998,30.190001000000002,29.875140999999996,212000
ABTX,03/09/20,27.77,30.344,26.58,26.76,26.480913,147500
ABTX,03/10/20,27.48,28.469998999999998,26.190001000000002,28.32,28.024645,165200
ABTX,03/11/20,27.33,28.299999,25.849001,26.25,25.976233999999998,151500
ABTX,03/12/20,24.43,26.139999,23.389999,24.450001,24.195005,164500
ABTX,03/13/20,25.73,26.84,24.83,26.52,26.24342,157500
ABTX,03/16/20,24.5,25.305,22.76,23.219998999999998,22.977833,157900
ABTX,03/17/20,23.09,27.195,22.809998999999998,27.17,26.886639000000002,163600
ABTX,03/18/20,25.780001000000002,27.99,23.99,25.48,25.214264,143500
ABTX,03/19/20,24.940001000000002,27.76,23.85,27.139999,26.856951000000002,148900
ABTX,03/20/20,27.139999,27.32,24.764999,24.92,24.660104999999998,181000
ABTX,03/23/20,25.02,27.879998999999998,22.135,22.68,22.443466,137900
ABTX,03/24/20,23.690001000000002,25.09,22.98,24.74,24.481981,113300
ABTX,03/25/20,24.76,24.924999,23.280001000000002,24.030001000000002,23.779387,125700
ABTX,03/26/20,24.280001000000002,26.24,24.049999,25.540001,25.273642000000002,110500
ABTX,03/27/20,24.450001,25.860001,23.445,23.690001000000002,23.442934,106700
ABTX,03/30/20,23.940001000000002,24.459999,23.440001000000002,24.24,23.987196,62100
ABTX,03/31/20,24.01,25.030001000000002,23.42,24.110001,23.858553,109100
ABTX,04/01/20,23.08,23.879998999999998,21.93,22.24,22.008055,123300
ABTX,04/02/20,21.790001,23.355,21.790001,23.02,22.779920999999998,84300
ABTX,04/03/20,22.809998999999998,22.889999,21.26,21.690001000000002,21.463793,64800
ABTX,04/06/20,22.74,23.639999,22.530001000000002,23.469998999999998,23.225224,100300
ABTX,04/07/20,23.940001000000002,24.49,22.700001,22.91,22.671066,93200
ABTX,04/08/20,23.51,24.799999,23.08,24.34,24.086153,90200
ABTX,04/09/20,24.879998999999998,27.35,22.959999,27.120001000000002,26.837162,89600
ABTX,04/13/20,26.950001,28.469998999999998,24.84,25.059998999999998,24.798645,50800
ABTX,04/14/20,25.91,26.280001000000002,24.0,24.66,24.402815,69900
ABTX,04/15/20,23.58,25.0,22.59,22.700001,22.463257000000002,73300
ABTX,04/16/20,22.790001,23.245001000000002,20.879998999999998,21.610001,21.384626,134500
ABTX,04/17/20,22.360001,23.379998999999998,22.360001,23.15,22.908564000000002,81300
ABTX,04/20/20,22.4,23.280001000000002,21.860001,22.33,22.097116,77000
ABTX,04/21/20,21.389999,22.290001,21.110001,21.91,21.681496,87300
ABTX,04/22/20,22.48,22.51,21.719998999999998,22.209999,21.978367000000002,78500
ABTX,04/23/20,22.190001000000002,23.129998999999998,21.52,22.450001,22.215864,92900
ABTX,04/24/20,22.52,22.870001000000002,21.969998999999998,22.68,22.443466,53800
ABTX,04/27/20,23.23,24.67,22.719998999999998,24.379998999999998,24.125734,87200
ABTX,04/28/20,25.0,25.709999,24.558001,25.440001000000002,25.174681,94900
ABTX,04/29/20,26.48,28.0,24.827,27.91,27.618921000000004,116100
ABTX,04/30/20,22.940001000000002,26.483999,22.940001000000002,25.08,24.818436,112700
ABTX,05/01/20,24.139999,24.6,23.75,24.48,24.224691,97700
ABTX,05/04/20,24.309998999999998,24.49,23.290001,23.639999,23.393454000000002,103000
ABTX,05/05/20,24.120001000000002,24.629998999999998,22.49,22.629998999999998,22.393985999999998,114000
ABTX,05/06/20,22.65,22.99,21.84,22.129998999999998,21.899202,104400
ABTX,05/07/20,22.370001000000002,23.34,22.07,22.790001,22.552319,106400
ABTX,05/08/20,23.5,24.219998999999998,23.5,24.129998999999998,23.878342,95500
ABTX,05/11/20,23.59,24.075001,22.6,23.49,23.245017999999998,113000
ABTX,05/12/20,23.58,23.58,22.389999,22.415001,22.181231,118500
ABTX,05/13/20,22.26,22.584999,21.5,22.370001000000002,22.1367,176100
ABTX,05/14/20,21.68,22.74,21.02,22.469998999999998,22.235654999999998,129600
ABTX,05/15/20,22.610001,22.879998999999998,21.690001000000002,22.35,22.116907,638300
ABTX,05/18/20,23.139999,24.495001000000002,23.139999,24.35,24.09605,141400
ABTX,05/19/20,24.129998999999998,24.815001000000002,23.120001000000002,23.120001000000002,22.878878,88300
ABTX,05/20/20,23.76,25.01,23.76,24.9,24.640311999999998,87600
ABTX,05/21/20,24.950001,25.41,24.68,24.860001,24.600731,92100
ABTX,05/22/20,25.08,25.1,24.525,24.84,24.580938,56000
ABTX,05/26/20,26.040001,26.67,25.805,26.49,26.213732,77400
ABTX,05/27/20,27.379998999999998,28.18,26.84,27.93,27.638714,94500
ABTX,05/28/20,28.280001000000002,28.280001000000002,25.950001,26.219998999999998,26.039778,92100
ABTX,05/29/20,25.799999,26.049999,25.01,25.610001,25.433973,135200
ABTX,06/01/20,25.83,26.24,25.41,25.42,25.245276999999998,86600
ABTX,06/02/20,25.77,25.959999,25.01,25.280001000000002,25.106241,48800
ABTX,06/03/20,26.07,26.959999,25.844998999999998,26.48,26.297992999999998,68400
ABTX,06/04/20,26.030001000000002,27.219998999999998,25.834999,27.18,26.993181,83000
ABTX,06/05/20,28.809998999999998,29.83,27.15,29.190001000000002,28.989365000000003,109100
ABTX,06/08/20,29.879998999999998,30.25,29.24,29.389999,29.187990000000003,92200
ABTX,06/09/20,28.629998999999998,29.799999,28.24,29.200001,28.999296,58600
ABTX,06/10/20,29.0,29.0,26.879998999999998,27.02,26.834282,61300
ABTX,06/11/20,25.41,25.74,24.360001,24.59,24.420984,85400
ABTX,06/12/20,25.85,25.889999,24.07,25.030001000000002,24.857960000000002,85000
ABTX,06/15/20,23.92,26.049999,23.92,25.780001000000002,25.602804000000003,74800
ABTX,06/16/20,26.99,27.08,25.950001,26.49,26.307924,82400
ABTX,06/17/20,26.629998999999998,26.629998999999998,24.860001,24.870001000000002,24.699059,62900
ABTX,06/18/20,24.440001000000002,25.18,24.440001000000002,24.950001,24.778507,109800
ABTX,06/19/20,24.92,25.0,24.01,24.469998999999998,24.301804999999998,279300
ABTX,06/22/20,24.139999,25.290001,24.040001,25.110001,24.93741,58100
ABTX,06/23/20,25.58,25.879998999999998,24.940001000000002,25.01,24.838097,94600
ABTX,06/24/20,24.690001000000002,24.790001,23.860001,23.950001,23.785381,98600
ABTX,06/25/20,23.75,24.709999,23.75,24.639999,24.470638,93400
ABTX,06/26/20,24.139999,24.280001000000002,23.139999,23.309998999999998,23.14978,109900
ABTX,06/29/20,23.790001,25.0,23.790001,24.719998999999998,24.550089,55800
ABTX,06/30/20,24.459999,25.5,24.459999,25.389999,25.215483,63000
ABTX,07/01/20,25.52,25.9,23.860001,23.889999,23.725794,66500
ABTX,07/02/20,24.65,24.950001,23.66,23.809998999999998,23.646342999999998,40700
ABTX,07/06/20,24.49,24.629998999999998,23.629998999999998,23.700001,23.537101999999997,48300
ABTX,07/07/20,23.450001,23.684998999999998,23.030001000000002,23.17,23.010744,71300
ABTX,07/08/20,23.08,23.205,22.25,22.709999,22.553904,68800
ABTX,07/09/20,22.5,22.719998999999998,21.629998999999998,21.74,21.590572,59500
ABTX,07/10/20,21.77,22.66,21.75,22.65,22.494318,40000
ABTX,07/13/20,22.969998999999998,23.43,22.27,22.99,22.831979999999998,55800
ABTX,07/14/20,22.940001000000002,23.24,22.35,22.85,22.692942000000002,65700
ABTX,07/15/20,23.610001,24.27,23.469998999999998,24.049999,23.884695,88200
ABTX,07/16/20,23.85,24.23,23.530001000000002,23.780001000000002,23.61655,38500
ABTX,07/17/20,23.610001,23.91,22.99,23.040001,22.881638,40200
ABTX,07/20/20,22.76,22.99,22.4,22.4,22.246035,45100
ABTX,07/21/20,22.799999,24.115,22.799999,24.030001000000002,23.864834,51600
ABTX,07/22/20,23.700001,23.91,23.07,23.57,23.407992999999998,40700
ABTX,07/23/20,23.379998999999998,24.280001000000002,23.379998999999998,24.190001000000002,24.023733,39100
ABTX,07/24/20,24.209999,24.33,23.969998999999998,23.98,23.815174,29200
ABTX,07/27/20,23.85,23.85,22.690001000000002,23.51,23.348406,28100
ABTX,07/28/20,23.32,23.764999,23.32,23.389999,23.229229,26400
ABTX,07/29/20,23.52,24.5,23.41,24.35,24.182632,46100
ABTX,07/30/20,24.5,25.469998999999998,23.299999,24.99,24.818233,61800
ABTX,07/31/20,24.879998999999998,24.98,23.809998999999998,24.389999,24.222357000000002,57100
ABTX,08/03/20,24.549999,24.549999,22.992001000000002,24.09,23.924419,41200
ABTX,08/04/20,23.93,24.219998999999998,23.620001000000002,23.99,23.825105999999998,36500
ABTX,08/05/20,24.309998999999998,24.73,22.540001,24.709999,24.540157,47300
ABTX,08/06/20,24.99,25.209999,24.405001000000002,24.82,24.649401,87700
ABTX,08/07/20,24.459999,26.34,24.459999,26.33,26.149023,47400
ABTX,08/10/20,26.49,27.59,26.360001,27.07,26.883936,65500
ABTX,08/11/20,27.68,27.809998999999998,26.98,27.110001,26.923662,39900
ABTX,08/12/20,27.75,27.75,26.360001,26.940001000000002,26.754831,37600
ABTX,08/13/20,26.77,26.799999,26.299999,26.459999,26.278129999999997,33700
ABTX,08/14/20,26.15,26.790001,25.362,26.629998999999998,26.446959999999997,46200
ABTX,08/17/20,26.639999,26.639999,25.719998999999998,25.959999,25.781567000000003,44300
ABTX,08/18/20,25.780001000000002,26.0,24.959999,25.16,24.987064,25400
ABTX,08/19/20,25.059998999999998,25.9,25.059998999999998,25.459999,25.285004,58800
ABTX,08/20/20,25.01,25.01,24.77,24.85,24.679195,28700
ABTX,08/21/20,24.629998999999998,24.780001000000002,24.450001,24.67,24.500432999999997,61700
ABTX,08/24/20,25.02,26.030001000000002,24.27,25.959999,25.781567000000003,52700
ABTX,08/25/20,26.280001000000002,26.299999,25.235001,25.9,25.721977,33300
ABTX,08/26/20,25.780001000000002,25.91,25.219998999999998,25.360001,25.18569,49200
ABTX,08/27/20,25.34,26.360001,22.85,26.059998999999998,25.880878,57000
ABTX,08/28/20,26.26,26.68,26.139999,26.549999,26.469079999999998,61700
ABTX,08/31/20,26.32,26.33,25.389999,25.42,25.342523999999997,61000
ABTX,09/01/20,25.32,25.799999,24.834999,25.610001,25.531945999999998,31500
ABTX,09/02/20,25.450001,25.67,25.209999,25.5,25.422280999999998,21600
ABTX,09/03/20,25.58,25.950001,25.030001000000002,25.43,25.352493,65200
ABTX,09/04/20,26.1,26.389999,25.700001,26.25,26.169994,27600
ABTX,09/08/20,25.790001,25.790001,24.879998999999998,25.469998999999998,25.392372,46300
ABTX,09/09/20,25.57,25.639999,24.809998999999998,25.049999,24.973651999999998,77700
ABTX,09/10/20,25.08,25.200001,24.65,24.76,24.684535999999998,42400
ABTX,09/11/20,25.139999,25.450001,24.85,24.870001000000002,24.794201,48800
ABTX,09/14/20,24.940001000000002,25.370001000000002,24.780001000000002,24.9,24.824108,46100
ABTX,09/15/20,24.92,24.92,24.469998999999998,24.610001,24.534994,37000
ABTX,09/16/20,24.6,25.290001,24.4,24.799999,24.724413000000002,76600
ABTX,09/17/20,24.41,24.799,23.912001,24.48,24.405388000000002,41300
ABTX,09/18/20,24.77,24.98,24.120001000000002,24.959999,24.883924,243000
ABTX,09/21/20,24.26,24.450001,22.6,22.85,22.780357000000002,60600
ABTX,09/22/20,22.959999,23.1,21.82,22.17,22.10243,50000
ABTX,09/23/20,22.24,22.59,21.445,21.700001,21.633863,93200
ABTX,09/24/20,21.75,22.610001,21.559998999999998,22.139999,22.072521,54900
ABTX,09/25/20,21.84,22.219998999999998,21.84,22.030001000000002,21.962856,43300
ABTX,09/28/20,22.469998999999998,23.26,22.469998999999998,23.02,22.949839,47000
ABTX,09/29/20,22.860001,23.540001,22.25,23.25,23.179138000000002,81300
ABTX,09/30/20,23.379998999999998,23.860001,23.139999,23.370001000000002,23.298773,74600
ABTX,10/01/20,23.4,23.629998999999998,23.049999,23.59,23.518103,33500
ABTX,10/02/20,23.219998999999998,24.4,22.73,24.200001,24.126244,42900
ABTX,10/05/20,24.440001000000002,25.24,24.165001,25.219998999999998,25.143133,49300
ABTX,10/06/20,25.6,26.209999,24.84,24.860001,24.784231,110300
ABTX,10/07/20,25.059998999999998,25.860001,24.91,25.77,25.691457999999997,62400
ABTX,10/08/20,25.98,26.26,25.65,25.969998999999998,25.890848000000002,71700
ABTX,10/09/20,26.219998999999998,26.35,25.987,26.190001000000002,26.110178,35400
ABTX,10/12/20,26.190001000000002,27.0,26.125,26.91,26.827984000000004,44000
ABTX,10/13/20,26.379998999999998,26.690001000000002,25.57,25.83,25.751274,28600
ABTX,10/14/20,24.615,25.889999,24.615,25.35,25.272738,23400
ABTX,10/15/20,24.68,26.18,24.67,26.139999,26.060329,28700
ABTX,10/16/20,26.01,26.504998999999998,25.379998999999998,26.110001,26.030422,28100
ABTX,10/19/20,26.389999,26.530001000000002,26.0,26.08,26.000513,22000
ABTX,10/20/20,26.25,26.735001,26.120001000000002,26.51,26.429203,23100
ABTX,10/21/20,26.459999,26.879998999999998,26.245001000000002,26.58,26.498989,18500
ABTX,10/22/20,26.51,27.77,26.200001,27.469998999999998,27.386276000000002,41400
ABTX,10/23/20,27.540001,28.0,27.540001,27.91,27.824935999999997,25400
ABTX,10/26/20,27.280001000000002,27.719998999999998,27.27,27.655001000000002,27.570713,38800
ABTX,10/27/20,27.450001,28.0,26.799999,27.57,27.485971000000003,58300
ABTX,10/28/20,26.85,27.700001,26.25,27.24,27.156977,57300
ABTX,10/29/20,27.99,27.99,26.48,27.4,27.31649,44000
ABTX,10/30/20,27.370001000000002,28.43,27.370001000000002,28.299999,28.213745,62800
ABTX,11/02/20,28.719998999999998,29.290001,28.360001,29.120001000000002,29.031247999999998,45600
ABTX,11/03/20,29.540001,30.0,29.299999,29.790001,29.699205,46800
ABTX,11/04/20,29.15,29.254998999999998,26.99,27.34,27.256672,42000
ABTX,11/05/20,27.33,28.59,27.26,28.27,28.183838,27100
ABTX,11/06/20,28.620001000000002,28.620001000000002,27.598,27.75,27.665421999999996,28200
ABTX,11/09/20,30.0,33.043999,29.129998999999998,30.93,30.835732,173500
ABTX,11/10/20,31.4,32.950001,30.950001,32.43,32.331158,94700
ABTX,11/11/20,31.950001,31.950001,30.43,31.27,31.174694,45400
ABTX,11/12/20,30.65,30.82,29.424999,30.07,29.978352,56500
ABTX,11/13/20,30.370001000000002,31.139999,30.370001000000002,30.82,30.726066999999997,35600
ABTX,11/16/20,31.66,32.27,31.59,32.220001,32.121798999999996,42300
ABTX,11/17/20,31.74,32.334998999999996,30.719998999999998,32.130001,32.032074,41900
ABTX,11/18/20,32.895,32.895,31.309998999999998,31.459999,31.364115,25800
ABTX,11/19/20,31.48,31.719998999999998,30.77,31.620001000000002,31.523628000000002,30700
ABTX,11/20/20,31.110001,31.620001000000002,30.549999,31.440001000000002,31.344177000000002,42400
ABTX,11/23/20,31.93,31.93,31.035,31.690001000000002,31.593414000000003,41200
ABTX,11/24/20,32.349998,33.726002,32.099998,33.220001,33.118752,60300
ABTX,11/25/20,32.689999,33.419998,31.700001,32.810001,32.710003,60800
ABTX,11/27/20,32.759997999999996,33.279999,32.27,32.400002,32.400002,48500
ABTX,11/30/20,32.0,32.889998999999996,31.450001,31.66,31.66,83500
ABTX,12/01/20,32.27,33.264998999999996,32.27,32.610001000000004,32.610001000000004,62700
ABTX,12/02/20,32.48,33.740002000000004,32.48,33.400002,33.400002,58400
ABTX,12/03/20,33.290001000000004,34.0,33.209998999999996,33.48,33.48,51300
ABTX,12/04/20,33.810001,34.439999,33.810001,34.220001,34.220001,69600
ABTX,12/07/20,33.849998,34.130001,33.68,33.98,33.98,55800
ABTX,12/08/20,33.669998,34.970001,33.669998,34.610001000000004,34.610001000000004,70400
ABTX,12/09/20,34.919998,35.009997999999996,34.0,34.119999,34.119999,80800
ABTX,12/10/20,33.849998,34.540001000000004,33.48,34.32,34.32,44900
ABTX,12/11/20,33.860001000000004,34.880001,33.860001000000004,34.25,34.25,55300
ABTX,12/14/20,34.709998999999996,35.0,34.220001,34.330002,34.330002,78000
ABTX,12/15/20,34.779999,35.349998,34.43,34.990002000000004,34.990002000000004,81100
ABTX,12/16/20,35.310001,35.310001,33.965,34.189999,34.189999,113300
ABTX,12/17/20,34.0,34.790001000000004,33.417,34.349998,34.349998,82700
ABTX,12/18/20,34.59,34.900002,33.139998999999996,33.139998999999996,33.139998999999996,279500
ABTX,12/21/20,32.919998,34.040001000000004,32.919998,33.380001,33.380001,85500
ABTX,12/22/20,33.580002,33.599998,32.52,32.619999,32.619999,62500
ABTX,12/23/20,32.790001000000004,33.830002,32.790001000000004,33.720001,33.720001,68900
ABTX,12/24/20,33.73,34.009997999999996,33.299999,33.84,33.84,38300
ABTX,12/28/20,34.07,34.66,33.485001000000004,33.900002,33.900002,104100
ABTX,12/29/20,34.049999,34.080002,33.060001,33.509997999999996,33.509997999999996,68300
ABTX,12/30/20,33.419998,34.25,33.299999,33.77,33.77,62600
ABTX,12/31/20,33.869999,34.349998,33.57,34.130001,34.130001,60500
ABTX,01/04/21,34.400002,34.549999,33.325001,33.959998999999996,33.959998999999996,75400
ABTX,01/05/21,33.470001,34.919998,33.470001,34.349998,34.349998,95300
ABTX,01/06/21,35.744999,37.68,34.5,36.889998999999996,36.889998999999996,193900
ABTX,01/07/21,37.380001,37.830002,37.200001,37.439999,37.439999,59700
ABTX,01/08/21,37.099998,37.310001,35.939999,36.349998,36.349998,57400
ABTX,01/11/21,35.709998999999996,36.84,35.709998999999996,36.619999,36.619999,55400
ABTX,01/12/21,36.810001,37.470001,36.66,37.32,37.32,68100
ABTX,01/13/21,37.009997999999996,37.009997999999996,35.849998,36.009997999999996,36.009997999999996,190300
ABTX,01/14/21,36.439999,37.490002000000004,36.110001000000004,36.860001000000004,36.860001000000004,93000
ABTX,01/15/21,36.34,36.779999,35.990002000000004,36.48,36.48,62600
ABTX,01/19/21,36.919998,36.919998,36.349998,36.759997999999996,36.759997999999996,58800
ABTX,01/20/21,36.799999,36.91,36.099998,36.419998,36.419998,70400
ABTX,01/21/21,36.52,36.52,35.75,35.91,35.91,91400
ABTX,01/22/21,35.380001,36.630001,34.474998,36.470001,36.470001,98600
ABTX,01/25/21,36.060001,36.900002,32.450001,36.73,36.73,75700
ABTX,01/26/21,36.869999,36.869999,36.049999,36.060001,36.060001,37100
ABTX,01/27/21,35.060001,35.619999,34.599998,34.880001,34.880001,82200
ABTX,01/28/21,36.91,36.91,33.889998999999996,35.720001,35.720001,91300
ABTX,01/29/21,36.02,36.259997999999996,34.709998999999996,35.18,35.18,94400
ABTX,02/01/21,35.220001,35.700001,34.529999,35.540001000000004,35.540001000000004,89100
ABTX,02/02/21,35.990002000000004,36.299999,34.724998,36.299999,36.299999,70700
ABTX,02/03/21,36.060001,36.549999,35.810001,36.32,36.32,43300
ABTX,02/04/21,36.610001000000004,37.325001,36.5,37.139998999999996,37.139998999999996,53200
ABTX,02/05/21,37.25,37.25,36.244999,36.810001,36.810001,32900
ABTX,02/08/21,37.080002,37.509997999999996,36.959998999999996,37.509997999999996,37.509997999999996,66400
ABTX,02/09/21,37.139998999999996,37.66,36.639998999999996,37.450001,37.450001,77200
ABTX,02/10/21,37.73,37.849998,37.360001000000004,37.75,37.75,10910
